Dataset,Dataset_Type,MLP_BA_Average,Accuracy,F1_Average,Time_Avwerage,Hyperparameters
agaricus_lepiota,top,0.99996058,0.999959075,0.999959016,4.216664833,"Hidden_Neurons=8, Learning_Rate=0.01, Batch_Size=8, Activation_Function=Sigmoid, Epochs=50"
analcatdata_authorship,top,0.998110647,0.997621879,0.997646385,0.656544867,"Hidden_Neurons=64, Learning_Rate=0.01, Batch_Size=8, Activation_Function=Tanh, Epochs=50"
analcatdata_bankruptcy,top,0.906666667,0.906666667,0.906037767,0.0505027,"Hidden_Neurons=64, Learning_Rate=0.01, Batch_Size=8, Activation_Function=Sigmoid, Epochs=50"
analcatdata_creditscore,top,0.873160832,0.9,0.87369729,0.155439833,"Hidden_Neurons=16, Learning_Rate=0.001, Batch_Size=8, Activation_Function=Tanh, Epochs=50"
analcatdata_lawsuit,top,0.941783029,0.952020202,0.868199568,0.188834433,"Hidden_Neurons=128, Learning_Rate=0.01, Batch_Size=16, Activation_Function=ReLU, Epochs=50"
ann_thyroid,top,0.945045554,0.988472222,0.936702261,6.475171067,"Hidden_Neurons=8, Learning_Rate=0.01, Batch_Size=8, Activation_Function=ReLU, Epochs=50"
cars,top,0.7201538,0.804421769,0.719163378,0.495039867,"Hidden_Neurons=128, Learning_Rate=0.01, Batch_Size=8, Activation_Function=ReLU, Epochs=50"
chess,top,0.994238387,0.994263663,0.99425214,1.532491567,"Hidden_Neurons=128, Learning_Rate=0.01, Batch_Size=32, Activation_Function=ReLU, Epochs=50"
clean1,top,0.948646804,0.948879552,0.94805102,0.562947067,"Hidden_Neurons=128, Learning_Rate=0.01, Batch_Size=16, Activation_Function=Sigmoid, Epochs=50"
clean2,top,0.999597213,0.999545317,0.999128969,11.68433283,"Hidden_Neurons=128, Learning_Rate=0.001, Batch_Size=64, Activation_Function=Sigmoid, Epochs=50"
collins,top,0.736615357,0.781443299,0.739418555,0.6224264,"Hidden_Neurons=128, Learning_Rate=0.01, Batch_Size=8, Activation_Function=Tanh, Epochs=50"
confidence,top,0.837962963,0.837962963,0.834320535,0.110527233,"Hidden_Neurons=16, Learning_Rate=0.01, Batch_Size=8, Activation_Function=ReLU, Epochs=50"
corral,top,0.954232804,0.95625,0.955423791,0.249723533,"Hidden_Neurons=64, Learning_Rate=0.01, Batch_Size=16, Activation_Function=ReLU, Epochs=50"
iris,top,0.948888889,0.948888889,0.949027317,0.157811133,"Hidden_Neurons=128, Learning_Rate=0.01, Batch_Size=16, Activation_Function=ReLU, Epochs=50"
irish,top,0.992503295,0.992,0.991908507,0.506308567,"Hidden_Neurons=128, Learning_Rate=0.01, Batch_Size=64, Activation_Function=ReLU, Epochs=50"
kr_vs_kp,top,0.993966665,0.993950772,0.993939168,2.157882367,"Hidden_Neurons=64, Learning_Rate=0.01, Batch_Size=8, Activation_Function=ReLU, Epochs=50"
labor,top,0.866441441,0.871345029,0.860789468,0.113925267,"Hidden_Neurons=64, Learning_Rate=0.01, Batch_Size=16, Activation_Function=ReLU, Epochs=50"
mfeat_karhunen,top,0.965,0.965,0.965004948,1.096867967,"Hidden_Neurons=128, Learning_Rate=0.01, Batch_Size=64, Activation_Function=Sigmoid, Epochs=50"
mfeat_pixel,top,0.969833333,0.969833333,0.969814971,1.215250833,"Hidden_Neurons=64, Learning_Rate=0.01, Batch_Size=8, Activation_Function=Sigmoid, Epochs=50"
mfeat_zernike,top,0.8405,0.8405,0.83094341,1.2332556,"Hidden_Neurons=8, Learning_Rate=0.01, Batch_Size=8, Activation_Function=Tanh, Epochs=50"
mofn_3_7_10,top,1,1,1,1.1334919,"Hidden_Neurons=32, Learning_Rate=0.01, Batch_Size=16, Activation_Function=Sigmoid, Epochs=50"
molecular_biology_promoters,top,0.798742138,0.798742138,0.798443283,0.140015567,"Hidden_Neurons=32, Learning_Rate=0.01, Batch_Size=8, Activation_Function=ReLU, Epochs=50"
monk3,top,0.982499652,0.982551143,0.982525448,0.808778267,"Hidden_Neurons=128, Learning_Rate=0.01, Batch_Size=16, Activation_Function=ReLU, Epochs=50"
mushroom,top,0.999872319,0.999876908,0.999876747,4.070070033,"Hidden_Neurons=64, Learning_Rate=0.01, Batch_Size=8, Activation_Function=ReLU, Epochs=50"
mux6,top,0.921875,0.921875,0.921776578,0.277623233,"Hidden_Neurons=128, Learning_Rate=0.01, Batch_Size=64, Activation_Function=ReLU, Epochs=50"
optdigits,top,0.983804958,0.983807829,0.983835269,2.503738333,"Hidden_Neurons=128, Learning_Rate=0.001, Batch_Size=64, Activation_Function=ReLU, Epochs=50"
pendigits,top,0.993088723,0.993085881,0.993102891,3.440074167,"Hidden_Neurons=128, Learning_Rate=0.01, Batch_Size=8, Activation_Function=Tanh, Epochs=50"
penguins,top,0.993575969,0.994994995,0.993998186,0.225436467,"Hidden_Neurons=32, Learning_Rate=0.01, Batch_Size=8, Activation_Function=ReLU, Epochs=50"
prnn_crabs,top,0.991666667,0.991666667,0.991665958,0.154324733,"Hidden_Neurons=32, Learning_Rate=0.01, Batch_Size=32, Activation_Function=ReLU, Epochs=50"
prnn_synth,top,0.872,0.872,0.871899546,0.0608097,"Hidden_Neurons=32, Learning_Rate=0.01, Batch_Size=16, Activation_Function=ReLU, Epochs=50"
segmentation,top,0.96998557,0.96998557,0.969989558,2.718118967,"Hidden_Neurons=128, Learning_Rate=0.01, Batch_Size=64, Activation_Function=Tanh, Epochs=50"
spambase,top,0.944952866,0.947547635,0.945067205,5.972336733,"Hidden_Neurons=128, Learning_Rate=0.001, Batch_Size=8, Activation_Function=Sigmoid, Epochs=50"
splice,top,0.921214473,0.9206399,0.914593343,6.6483209,"Hidden_Neurons=64, Learning_Rate=0.01, Batch_Size=128, Activation_Function=Tanh, Epochs=50"
texture,top,0.996909091,0.996909091,0.996909499,4.362304167,"Hidden_Neurons=128, Learning_Rate=0.01, Batch_Size=8, Activation_Function=ReLU, Epochs=50"
threeOf9,top,0.986582224,0.986328125,0.986268707,0.3920892,"Hidden_Neurons=128, Learning_Rate=0.01, Batch_Size=16, Activation_Function=Sigmoid, Epochs=50"
tokyo1,top,0.925123449,0.930830726,0.925030713,0.3954975,"Hidden_Neurons=8, Learning_Rate=0.01, Batch_Size=128, Activation_Function=ReLU, Epochs=50"
twonorm,top,0.979007753,0.979009009,0.979008884,2.631549967,"Hidden_Neurons=64, Learning_Rate=0.01, Batch_Size=8, Activation_Function=ReLU, Epochs=50"
vowel,top,0.966329966,0.966329966,0.966207198,1.309760867,"Hidden_Neurons=64, Learning_Rate=0.001, Batch_Size=16, Activation_Function=Sigmoid, Epochs=50"
waveform_21,top,0.870960957,0.871133333,0.870792312,4.690603667,"Hidden_Neurons=128, Learning_Rate=0.0001, Batch_Size=16, Activation_Function=Tanh, Epochs=50"
waveform_40,top,0.867985974,0.867666667,0.867541576,2.495607533,"Hidden_Neurons=32, Learning_Rate=0.01, Batch_Size=8, Activation_Function=ReLU, Epochs=50"
xd6,top,0.999482402,0.999657417,0.999612888,0.6029761,
