Dataset,Dataset_Type,MLP_BA,Accuracy,F1,Time,Hyperparameters
allbp,bottom,0.6283640176927093,0.971102863202545,0.6600355522094653,1.2768424000096277,"Hidden_Neurons=128, Learning_Rate=0.01, Batch_Size=32, Activation_Function=ReLU, Epochs=50"
allhyper,bottom,0.6012638108049069,0.9827631927870591,0.5910505709514391,4.50299979999545,"Hidden_Neurons=32, Learning_Rate=0.01, Batch_Size=8, Activation_Function=Tanh, Epochs=50"
allhypo,bottom,0.6614692143989782,0.9482758620689656,0.7172459525965782,4.403849599999376,"Hidden_Neurons=16, Learning_Rate=0.01, Batch_Size=8, Activation_Function=ReLU, Epochs=50"
allrep,bottom,0.5959848451020084,0.9724284199363732,0.6106441423028022,3.380168200004846,"Hidden_Neurons=16, Learning_Rate=0.01, Batch_Size=8, Activation_Function=ReLU, Epochs=50"
analcatdata_aids,bottom,0.64,0.64,0.5989304812834224,0.0568541999964509,"Hidden_Neurons=8, Learning_Rate=0.01, Batch_Size=8, Activation_Function=Tanh, Epochs=50"
analcatdata_boxing1,bottom,0.6465201465201464,0.6333333333333333,0.6248934356351237,0.1846573999937391,"Hidden_Neurons=32, Learning_Rate=0.0001, Batch_Size=8, Activation_Function=Tanh, Epochs=50"
analcatdata_boxing2,bottom,0.6989148002770722,0.7121212121212122,0.6964415395787944,0.1191384999983711,"Hidden_Neurons=64, Learning_Rate=0.01, Batch_Size=8, Activation_Function=Tanh, Epochs=50"
analcatdata_dmft,bottom,0.2337344744016184,0.2371392722710163,0.230485780132578,0.1294822000054409,"Hidden_Neurons=64, Learning_Rate=0.01, Batch_Size=128, Activation_Function=ReLU, Epochs=50"
analcatdata_fraud,bottom,0.636604774535809,0.7619047619047619,0.6464646464646464,0.0571988000010605,"Hidden_Neurons=64, Learning_Rate=0.01, Batch_Size=16, Activation_Function=Tanh, Epochs=50"
analcatdata_germangss,bottom,0.42,0.42,0.4126291191675439,0.1087842999986605,"Hidden_Neurons=32, Learning_Rate=0.01, Batch_Size=64, Activation_Function=Tanh, Epochs=50"
analcatdata_happiness,bottom,0.6333333333333333,0.6333333333333333,0.6031135531135531,0.0587554999947315,"Hidden_Neurons=128, Learning_Rate=0.01, Batch_Size=32, Activation_Function=Tanh, Epochs=50"
backache,bottom,0.6180645161290322,0.5444444444444444,0.4831208852780502,0.1272055000008549,"Hidden_Neurons=16, Learning_Rate=0.0001, Batch_Size=16, Activation_Function=ReLU, Epochs=50"
breast_cancer,bottom,0.6493415276558384,0.7552447552447552,0.6623718294657313,0.1195120999909704,"Hidden_Neurons=64, Learning_Rate=0.01, Batch_Size=32, Activation_Function=ReLU, Epochs=50"
bupa,bottom,0.6446846422807961,0.6434782608695652,0.6427097980112656,0.1721231999981682,"Hidden_Neurons=32, Learning_Rate=0.01, Batch_Size=16, Activation_Function=Sigmoid, Epochs=50"
cloud,bottom,0.3723958333333333,0.3796296296296296,0.327536231884058,0.0882043000019621,"Hidden_Neurons=16, Learning_Rate=0.01, Batch_Size=16, Activation_Function=Tanh, Epochs=50"
coil2000,bottom,0.5097387504305012,0.9391162695988596,0.5051130389064143,1.047051299989107,"Hidden_Neurons=64, Learning_Rate=0.01, Batch_Size=128, Activation_Function=Tanh, Epochs=50"
connect_4,bottom,0.6218010549071163,0.8207291620409431,0.6309264463168346,594.932145299972,"Hidden_Neurons=128, Learning_Rate=0.00025, Batch_Size=8, Activation_Function=Tanh, Epochs=300"
dis,bottom,0.6274255844614042,0.9848886532343584,0.6685918808062778,3.136025100015104,"Hidden_Neurons=128, Learning_Rate=0.01, Batch_Size=16, Activation_Function=ReLU, Epochs=50"
GAMETES_Epistasis_2_Way_1000atts_0.4H_EDM_1_EDM_1_1,bottom,0.513125,0.513125,0.5130563333345054,1.9592198000027563,"Hidden_Neurons=64, Learning_Rate=0.01, Batch_Size=128, Activation_Function=Tanh, Epochs=50"
GAMETES_Epistasis_2_Way_20atts_0.1H_EDM_1_1,bottom,0.64125,0.64125,0.6403953771384807,2.008198800001992,"Hidden_Neurons=32, Learning_Rate=0.01, Batch_Size=8, Activation_Function=Tanh, Epochs=50"
GAMETES_Epistasis_2_Way_20atts_0.4H_EDM_1_1,bottom,0.7625,0.7625,0.7553245089185826,3.831497499995749,"Hidden_Neurons=8, Learning_Rate=0.01, Batch_Size=8, Activation_Function=Sigmoid, Epochs=50"
GAMETES_Epistasis_3_Way_20atts_0.2H_EDM_1_1,bottom,0.549375,0.549375,0.5493353908058325,1.541667400000733,"Hidden_Neurons=64, Learning_Rate=0.01, Batch_Size=16, Activation_Function=Tanh, Epochs=50"
GAMETES_Heterogeneity_20atts_1600_Het_0.4_0.2_50_EDM_2_001,bottom,0.684375,0.684375,0.6843541624427549,0.4460937000112608,"Hidden_Neurons=16, Learning_Rate=0.01, Batch_Size=32, Activation_Function=ReLU, Epochs=50"
GAMETES_Heterogeneity_20atts_1600_Het_0.4_0.2_75_EDM_2_001,bottom,0.7206250000000001,0.720625,0.7185004481085568,1.074888799994369,"Hidden_Neurons=128, Learning_Rate=0.01, Batch_Size=16, Activation_Function=Sigmoid, Epochs=50"
haberman,bottom,0.6476543209876543,0.7549019607843137,0.6578048816854787,0.1082385000772774,"Hidden_Neurons=32, Learning_Rate=0.001, Batch_Size=128, Activation_Function=Tanh, Epochs=50"
Hill_Valley_with_noise,bottom,0.6171617161716172,0.6171617161716172,0.6015372581029146,0.6976252000022214,"Hidden_Neurons=128, Learning_Rate=0.001, Batch_Size=64, Activation_Function=Tanh, Epochs=100"
Hill_Valley_without_noise,bottom,0.6160130718954249,0.6188118811881188,0.5841312375412568,0.6045798999984981,"Hidden_Neurons=128, Learning_Rate=0.001, Batch_Size=128, Activation_Function=Tanh, Epochs=100"
krkopt,bottom,0.3460049957559998,0.4468206444254348,0.3418411387257052,17.060273099923506,"Hidden_Neurons=8, Learning_Rate=0.01, Batch_Size=32, Activation_Function=ReLU, Epochs=50"
agaricus_lepiota,top,1.0,1.0,1.0,6.436594599974342,"Hidden_Neurons=8, Learning_Rate=0.01, Batch_Size=8, Activation_Function=Sigmoid, Epochs=50"
analcatdata_authorship,top,0.9983108108108107,0.9976218787158144,0.9983663788508688,0.5098618000047281,"Hidden_Neurons=64, Learning_Rate=0.01, Batch_Size=8, Activation_Function=Tanh, Epochs=50"
analcatdata_bankruptcy,top,0.8999999999999999,0.9,0.8996386993175431,0.0557706000399775,"Hidden_Neurons=64, Learning_Rate=0.01, Batch_Size=8, Activation_Function=Sigmoid, Epochs=50"
analcatdata_creditscore,top,0.8759512937595129,0.87,0.8466800330227622,0.1823495000135153,"Hidden_Neurons=16, Learning_Rate=0.001, Batch_Size=8, Activation_Function=Tanh, Epochs=50"
analcatdata_lawsuit,top,0.9412459720730396,0.981060606060606,0.930784961459808,0.1091793000232428,"Hidden_Neurons=128, Learning_Rate=0.01, Batch_Size=16, Activation_Function=ReLU, Epochs=50"
ann_thyroid,top,0.93994962290886,0.9884722222222222,0.9331659505334052,7.037385900039226,"Hidden_Neurons=8, Learning_Rate=0.01, Batch_Size=8, Activation_Function=ReLU, Epochs=50"
cars,top,0.7357621529624508,0.8163265306122449,0.7331346358047478,0.4236764999805018,"Hidden_Neurons=128, Learning_Rate=0.01, Batch_Size=8, Activation_Function=ReLU, Epochs=50"
chess,top,0.994057239314861,0.9940550688360452,0.9940434752541436,0.9408922999864444,"Hidden_Neurons=128, Learning_Rate=0.01, Batch_Size=32, Activation_Function=ReLU, Epochs=50"
clean1,top,0.9546540236697018,0.953781512605042,0.9531328320802004,0.4771580999949947,"Hidden_Neurons=128, Learning_Rate=0.01, Batch_Size=16, Activation_Function=Sigmoid, Epochs=50"
clean2,top,0.9997312309621932,0.9995453167626552,0.999129202327952,3.056899200018961,"Hidden_Neurons=128, Learning_Rate=0.001, Batch_Size=64, Activation_Function=Sigmoid, Epochs=50"
collins,top,0.7366153565088657,0.7814432989690722,0.7394185549547093,0.6224263999611139,"Hidden_Neurons=32, Learning_Rate=0.01, Batch_Size=8, Activation_Function=Tanh, Epochs=50"
confidence,top,0.8333333333333334,0.8333333333333334,0.8253726708074534,0.097201100026723,"Hidden_Neurons=128, Learning_Rate=0.01, Batch_Size=8, Activation_Function=Tanh, Epochs=50"
corral,top,0.9095238095238096,0.9125,0.910813823857302,0.1523963999934494,"Hidden_Neurons=16, Learning_Rate=0.01, Batch_Size=8, Activation_Function=ReLU, Epochs=50"
dermatology,top,0.9744890214737988,0.9754098360655736,0.9743161671844648,0.2430086000240408,"Hidden_Neurons=32, Learning_Rate=0.01, Batch_Size=8, Activation_Function=ReLU, Epochs=50"
dna,top,0.9523543680461078,0.9541745134965474,0.948625883213039,3.4488729999866337,"Hidden_Neurons=32, Learning_Rate=0.01, Batch_Size=8, Activation_Function=Tanh, Epochs=50"
ecoli,top,0.8525774225774226,0.8837920489296636,0.8533902062849432,0.2772540000150911,"Hidden_Neurons=16, Learning_Rate=0.01, Batch_Size=8, Activation_Function=Tanh, Epochs=50"
iris,top,0.9466666666666668,0.9466666666666668,0.9467683905964072,0.1064457000466063,"Hidden_Neurons=64, Learning_Rate=0.01, Batch_Size=16, Activation_Function=ReLU, Epochs=50"
irish,top,0.9964028776978416,0.996,0.9959527933820076,0.2469875999959185,"Hidden_Neurons=128, Learning_Rate=0.01, Batch_Size=16, Activation_Function=ReLU, Epochs=50"
kr_vs_kp,top,0.9946564004892168,0.9946808510638298,0.9946701809020964,0.6246442999690771,"Hidden_Neurons=128, Learning_Rate=0.01, Batch_Size=64, Activation_Function=ReLU, Epochs=50"
labor,top,0.8844594594594595,0.8947368421052632,0.8844594594594595,0.0576905999914743,"Hidden_Neurons=64, Learning_Rate=0.01, Batch_Size=8, Activation_Function=ReLU, Epochs=50"
mfeat_factors,top,0.9774999999999998,0.9775,0.97747862428557,1.7695078999968246,"Hidden_Neurons=64, Learning_Rate=0.01, Batch_Size=16, Activation_Function=Sigmoid, Epochs=50"
mfeat_fourier,top,0.8375,0.8375,0.8374687731926407,2.355488099972717,"Hidden_Neurons=128, Learning_Rate=0.01, Batch_Size=8, Activation_Function=Sigmoid, Epochs=50"
mfeat_karhunen,top,0.963,0.963,0.9630063570798284,0.8251107999822125,"Hidden_Neurons=64, Learning_Rate=0.01, Batch_Size=16, Activation_Function=ReLU, Epochs=50"
mfeat_pixel,top,0.9715,0.9715,0.9714884869840495,0.9550062000053005,"Hidden_Neurons=128, Learning_Rate=0.01, Batch_Size=64, Activation_Function=Sigmoid, Epochs=50"
mfeat_zernike,top,0.841,0.841,0.8364322208138157,2.253164699999616,"Hidden_Neurons=64, Learning_Rate=0.01, Batch_Size=8, Activation_Function=Sigmoid, Epochs=50"
mofn_3_7_10,top,1.0,1.0,1.0,0.5404245000099763,"Hidden_Neurons=8, Learning_Rate=0.01, Batch_Size=8, Activation_Function=Tanh, Epochs=50"
molecular_biology_promoters,top,0.8018867924528302,0.8018867924528302,0.8014450093658014,0.0866897000232711,"Hidden_Neurons=32, Learning_Rate=0.01, Batch_Size=16, Activation_Function=Sigmoid, Epochs=50"
monk3,top,0.9871292815371764,0.9873646209386282,0.9873388379025176,0.4048367999494076,"Hidden_Neurons=32, Learning_Rate=0.01, Batch_Size=8, Activation_Function=ReLU, Epochs=50"
mushroom,top,0.9998723186925432,0.9998769079271296,0.999876747605996,2.5917939000064507,"Hidden_Neurons=128, Learning_Rate=0.01, Batch_Size=16, Activation_Function=ReLU, Epochs=50"
mux6,top,0.9140625,0.9140625,0.914057254471098,0.2046511999797076,"Hidden_Neurons=64, Learning_Rate=0.01, Batch_Size=8, Activation_Function=ReLU, Epochs=50"
optdigits,top,0.9850588343593902,0.9850533807829182,0.9850673767736116,2.2463060000445694,"Hidden_Neurons=128, Learning_Rate=0.01, Batch_Size=64, Activation_Function=ReLU, Epochs=50"
pendigits,top,0.9930085479303636,0.9929949053857352,0.9930185750380144,3.97046500002034,"Hidden_Neurons=128, Learning_Rate=0.001, Batch_Size=64, Activation_Function=ReLU, Epochs=50"
penguins,top,0.9879129734085416,0.990990990990991,0.9891796233093162,0.2469731000019237,"Hidden_Neurons=128, Learning_Rate=0.01, Batch_Size=8, Activation_Function=Tanh, Epochs=50"
prnn_crabs,top,0.99,0.99,0.98999899989999,0.1922032000729814,"Hidden_Neurons=32, Learning_Rate=0.01, Batch_Size=8, Activation_Function=ReLU, Epochs=50"
prnn_synth,top,0.868,0.868,0.8678287060029799,0.0697262999601662,"Hidden_Neurons=32, Learning_Rate=0.01, Batch_Size=32, Activation_Function=ReLU, Epochs=50"
segmentation,top,0.9696969696969698,0.9696969696969696,0.969762923648617,1.217425699927844,"Hidden_Neurons=32, Learning_Rate=0.01, Batch_Size=16, Activation_Function=ReLU, Epochs=50"
soybean,top,0.9517001114827202,0.914074074074074,0.948790981105778,0.4128691999940201,"Hidden_Neurons=128, Learning_Rate=0.01, Batch_Size=16, Activation_Function=ReLU, Epochs=50"
spambase,top,0.9446133100570484,0.9478374266463812,0.945299775302272,1.566010699956678,"Hidden_Neurons=128, Learning_Rate=0.01, Batch_Size=64, Activation_Function=Tanh, Epochs=50"
splice,top,0.9234657601954138,0.9222082810539524,0.9165311324774926,9.338893300038762,"Hidden_Neurons=128, Learning_Rate=0.001, Batch_Size=8, Activation_Function=Sigmoid, Epochs=50"
texture,top,0.9965454545454544,0.9965454545454544,0.9965458025762004,0.9557278999127448,"Hidden_Neurons=64, Learning_Rate=0.01, Batch_Size=128, Activation_Function=Tanh, Epochs=50"
threeOf9,top,0.986398208918604,0.986328125,0.9862639363174012,0.5912628999212757,"Hidden_Neurons=128, Learning_Rate=0.01, Batch_Size=8, Activation_Function=ReLU, Epochs=50"
tokyo1,top,0.926281718828089,0.9290928050052136,0.923606425251162,0.4870589999482035,"Hidden_Neurons=128, Learning_Rate=0.01, Batch_Size=16, Activation_Function=Sigmoid, Epochs=50"
twonorm,top,0.9786479771973552,0.9786486486486486,0.9786485925017772,0.5518856999697164,"Hidden_Neurons=8, Learning_Rate=0.01, Batch_Size=128, Activation_Function=ReLU, Epochs=50"
vowel,top,0.9707070707070709,0.9707070707070709,0.9706361700920998,1.2958248999202624,"Hidden_Neurons=64, Learning_Rate=0.01, Batch_Size=8, Activation_Function=ReLU, Epochs=50"
waveform_21,top,0.8717869145765285,0.872,0.8715647984842372,2.7140266000060365,"Hidden_Neurons=64, Learning_Rate=0.001, Batch_Size=16, Activation_Function=Sigmoid, Epochs=50"
waveform_40,top,0.8681120071345548,0.8678,0.8676870056150688,3.788652000017464,"Hidden_Neurons=128, Learning_Rate=0.0001, Batch_Size=16, Activation_Function=Tanh, Epochs=50"
wine_recognition,top,0.9812206572769954,0.9775280898876404,0.9779798876072168,0.1089273999677971,"Hidden_Neurons=16, Learning_Rate=0.01, Batch_Size=8, Activation_Function=Tanh, Epochs=50"
xd6,top,1.0,1.0,1.0,0.537873400026001,"Hidden_Neurons=32, Learning_Rate=0.01, Batch_Size=8, Activation_Function=ReLU, Epochs=50"
