dataset,target_column,rows,features,classes,class_imbalance,missing_values_count,missing_values_ratio,numeric_features,categorical_features,feature_type,xgb_accuracy,xgb_macro_f1,xgb_balanced_accuracy,rf_accuracy,rf_macro_f1,rf_balanced_accuracy,logreg_accuracy,logreg_macro_f1,logreg_balanced_accuracy,n_models_success,mean_accuracy_3models,mean_macro_f1_3models,mean_balanced_accuracy_3models,std_accuracy_3models,selected_for_mlp_eval,selection_rank_top40,selection_score,selection_justification_short
GAMETES_Epistasis_2_Way_1000atts_0.4H_EDM_1_EDM_1_1.tsv.gz,target,1600,1000,2,0,0,0,1000,0,numeric,0.503125,0.503081326,0.503125,0.50625,0.506098743,0.50625,0.4875,0.487492793,0.4875,3,0.498958333,0.498890954,0.498958333,0.008202092,FALSE,,,not selected: lower composite score or incomplete 3-model coverage
GAMETES_Epistasis_2_Way_20atts_0.1H_EDM_1_1.tsv.gz,target,1600,20,2,0,0,0,20,0,numeric,0.509375,0.50243218,0.509375,0.504375,0.493063788,0.504375,0.500625,0.500357809,0.500625,3,0.504791667,0.498617925,0.504791667,0.003584302,FALSE,,,not selected: lower composite score or incomplete 3-model coverage
GAMETES_Epistasis_2_Way_20atts_0.4H_EDM_1_1.tsv.gz,target,1600,20,2,0,0,0,20,0,numeric,0.4925,0.468202679,0.4925,0.479375,0.441823455,0.479375,0.49875,0.497788736,0.49875,3,0.490208333,0.469271623,0.490208333,0.008074093,FALSE,,,not selected: lower composite score or incomplete 3-model coverage
GAMETES_Epistasis_3_Way_20atts_0.2H_EDM_1_1.tsv.gz,target,1600,20,2,0,0,0,20,0,numeric,0.50625,0.496910617,0.50625,0.49875,0.495314988,0.49875,0.525,0.524874537,0.525,3,0.51,0.505700047,0.51,0.011039701,FALSE,,,not selected: lower composite score or incomplete 3-model coverage
GAMETES_Heterogeneity_20atts_1600_Het_0.4_0.2_50_EDM_2_001.tsv.gz,target,1600,20,2,0,0,0,20,0,numeric,0.515,0.503061042,0.515,0.5125,0.504918288,0.5125,0.478125,0.477414406,0.478125,3,0.501875,0.495131245,0.501875,0.016824771,FALSE,,,not selected: lower composite score or incomplete 3-model coverage
GAMETES_Heterogeneity_20atts_1600_Het_0.4_0.2_75_EDM_2_001.tsv.gz,target,1600,20,2,0,0,0,20,0,numeric,0.498125,0.457267183,0.498125,0.52125,0.508059065,0.52125,0.48875,0.488653324,0.48875,3,0.502708333,0.484659857,0.502708333,0.013658153,FALSE,,,not selected: lower composite score or incomplete 3-model coverage
Hill_Valley_with_noise.tsv.gz,target,1212,100,2,0,0,0,100,0,numeric,0.499174917,0.484719503,0.499174917,0.566831683,0.564690614,0.566831683,0.809405941,0.80742254,0.809405941,3,0.625137514,0.618944219,0.625137514,0.133192841,FALSE,,,not selected: lower composite score or incomplete 3-model coverage
Hill_Valley_without_noise.tsv.gz,target,1212,100,2,4.90E-05,0,0,100,0,numeric,0.51650165,0.51051835,0.517647059,0.561056106,0.554946921,0.55995098,0.843234323,0.841576039,0.844330065,3,0.640264026,0.635680437,0.640642702,0.144669695,FALSE,,,not selected: lower composite score or incomplete 3-model coverage
adult.tsv.gz,target,48842,14,2,0.135947995,0,0,14,0,numeric,0.674542402,0.552481362,0.552420213,0.84279923,0.751800887,0.723890595,0.776974735,0.718018821,0.739658003,3,0.764772122,0.674100357,0.671989604,0.069230378,FALSE,,,not selected: lower composite score or incomplete 3-model coverage
agaricus_lepiota.tsv.gz,target,8145,22,2,0.000728968,0,0,22,0,numeric,0.90092081,0.900811816,0.900968633,1,1,1,0.95150399,0.951393691,0.951071688,3,0.950808267,0.950735169,0.950680107,0.040451901,TRUE,4,0.953173781,"selected: all-3-model coverage; avg_acc=0.951, avg_macro_f1=0.951, avg_bal_acc=0.951; stability_std_acc=0.040; medium dataset (8145 rows, 22 features), well-balanced (class_imbalance=0.001)"
allbp.tsv.gz,target,3772,29,3,0.583681895,0,0,29,0,numeric,0.934517497,0.325414068,0.494366633,0.971367975,0.530077088,0.65258943,0.908801697,0.441116219,0.637020441,3,0.938229056,0.432202458,0.594658834,0.025677052,FALSE,,,not selected: lower composite score or incomplete 3-model coverage
allhyper.tsv.gz,target,3771,29,4,0.697606688,0,0,29,0,numeric,0.952267303,0.315940886,0.560258613,0.977989923,0.351963523,0.561766182,0.92442323,0.33355217,0.609994087,3,0.951560152,0.33381886,0.577339627,0.021874227,FALSE,,,not selected: lower composite score or incomplete 3-model coverage
allhypo.tsv.gz,target,3770,29,3,0.522510442,0,0,29,0,numeric,0.836870027,0.34956802,0.518247157,0.958355438,0.738554688,0.753506339,0.877984085,0.464045636,0.619413293,3,0.89106985,0.517389448,0.63038893,0.050451985,FALSE,,,not selected: lower composite score or incomplete 3-model coverage
allrep.tsv.gz,target,3772,29,4,0.68570586,0,0,29,0,numeric,0.936638388,0.299593302,0.534134897,0.975609756,0.500098707,0.657716273,0.904294804,0.27102046,0.519922073,3,0.938847649,0.356904156,0.570591081,0.029156088,FALSE,,,not selected: lower composite score or incomplete 3-model coverage
analcatdata_aids.tsv.gz,target,50,4,2,0,0,0,4,0,numeric,0.52,0.516908213,0.52,0.62,0.618627057,0.62,0.52,0.5,0.52,3,0.553333333,0.545178423,0.553333333,0.047140452,FALSE,,,not selected: lower composite score or incomplete 3-model coverage
analcatdata_asbestos.tsv.gz,target,83,3,2,0.005878937,0,0,3,0,numeric,0.518072289,0.518002323,0.525558167,0.807228916,0.80493537,0.80493537,0.78313253,0.773636364,0.769976498,3,0.702811245,0.698858019,0.700156678,0.131000052,FALSE,,,not selected: lower composite score or incomplete 3-model coverage
analcatdata_authorship.tsv.gz,target,841,70,4,0.06254763,0,0,70,0,numeric,0.674197384,0.652671071,0.767264338,0.973840666,0.970538766,0.97729925,0.996432818,0.997549261,0.998017459,3,0.881490289,0.873586366,0.914193683,0.14686811,TRUE,11,0.889697869,"selected: all-3-model coverage; avg_acc=0.881, avg_macro_f1=0.874, avg_bal_acc=0.914; stability_std_acc=0.147; small dataset (841 rows, 70 features), moderately imbalanced (class_imbalance=0.063)"
analcatdata_bankruptcy.tsv.gz,target,50,6,2,0,0,0,6,0,numeric,0.78,0.779911965,0.78,0.9,0.899959984,0.9,0.88,0.879227053,0.88,3,0.853333333,0.853033001,0.853333333,0.052493386,TRUE,15,0.86056155,"selected: all-3-model coverage; avg_acc=0.853, avg_macro_f1=0.853, avg_bal_acc=0.853; stability_std_acc=0.052; small dataset (50 rows, 6 features), well-balanced (class_imbalance=0.000)"
analcatdata_boxing1.tsv.gz,target,120,3,2,0.045,0,0,3,0,numeric,0.55,0.480102696,0.483516484,0.733333333,0.7,0.695970696,0.558333333,0.54928779,0.566849817,3,0.613888889,0.576463495,0.582112332,0.084528467,FALSE,,,not selected: lower composite score or incomplete 3-model coverage
analcatdata_boxing2.tsv.gz,target,132,3,2,0.002869605,0,0,3,0,numeric,0.545454545,0.545454545,0.548603094,0.689393939,0.679668541,0.680096975,0.568181818,0.568157034,0.57203879,3,0.601010101,0.59776004,0.600246286,0.063181798,FALSE,,,not selected: lower composite score or incomplete 3-model coverage
analcatdata_creditscore.tsv.gz,target,100,6,2,0.1058,0,0,6,0,numeric,0.98,0.975198413,0.98630137,0.99,0.987460815,0.993150685,0.81,0.786780384,0.834855403,3,0.926666667,0.916479871,0.938102486,0.082596745,TRUE,6,0.92433691,"selected: all-3-model coverage; avg_acc=0.927, avg_macro_f1=0.916, avg_bal_acc=0.938; stability_std_acc=0.083; small dataset (100 rows, 6 features), moderately imbalanced (class_imbalance=0.106)"
analcatdata_cyyoung8092.tsv.gz,target,97,10,2,0.127590605,0,0,10,0,numeric,0.659793814,0.59008836,0.606164384,0.824742268,0.737127371,0.715753425,0.835051546,0.784444444,0.792522831,3,0.773195876,0.703886725,0.704813546,0.080297742,FALSE,,,not selected: lower composite score or incomplete 3-model coverage
analcatdata_cyyoung9302.tsv.gz,target,92,10,2,0.172258979,0,0,10,0,numeric,0.793478261,0.611123471,0.597332372,0.847826087,0.735197368,0.709444845,0.847826087,0.758258258,0.748377794,3,0.829710145,0.701526366,0.68505167,0.025619811,FALSE,,,not selected: lower composite score or incomplete 3-model coverage
analcatdata_dmft.tsv.gz,target,797,4,6,0.001119054,0,0,4,0,numeric,0.17565872,0.176117989,0.505924641,0.195734003,0.195647176,0.517480272,0.230865747,0.207913309,0.534097442,3,0.200752823,0.193226158,0.519167452,0.022815862,FALSE,,,not selected: lower composite score or incomplete 3-model coverage
analcatdata_fraud.tsv.gz,target,42,11,2,0.072562358,0,0,11,0,numeric,0.642857143,0.550962224,0.550397878,0.69047619,0.610833927,0.606100796,0.619047619,0.554376658,0.554376658,3,0.650793651,0.572057603,0.570291777,0.029695694,FALSE,,,not selected: lower composite score or incomplete 3-model coverage
analcatdata_germangss.tsv.gz,target,400,5,4,0,0,0,5,0,numeric,0.2975,0.291639405,0.531666667,0.29,0.289028044,0.526666667,0.38,0.336415425,0.586666667,3,0.3225,0.305694291,0.548333333,0.040773766,FALSE,,,not selected: lower composite score or incomplete 3-model coverage
analcatdata_happiness.tsv.gz,target,60,3,3,0,0,0,3,0,numeric,0.35,0.339108495,0.5125,0.3,0.302788803,0.475,0.566666667,0.481700611,0.675,3,0.405555556,0.374532636,0.554166667,0.115737037,FALSE,,,not selected: lower composite score or incomplete 3-model coverage
analcatdata_japansolvent.tsv.gz,target,52,9,2,0.000739645,0,0,9,0,numeric,0.596153846,0.59600444,0.596296296,0.884615385,0.884444444,0.884444444,0.826923077,0.826345083,0.825925926,3,0.769230769,0.768931322,0.768888889,0.124629629,TRUE,33,0.780541972,"selected: all-3-model coverage; avg_acc=0.769, avg_macro_f1=0.769, avg_bal_acc=0.769; stability_std_acc=0.125; small dataset (52 rows, 9 features), well-balanced (class_imbalance=0.001)"
analcatdata_lawsuit.tsv.gz,target,264,4,2,0.366419881,0,0,4,0,numeric,0.950757576,0.835435147,0.876369495,0.984848485,0.943286788,0.943286788,0.757575758,0.538007219,0.626638024,3,0.897727273,0.772243051,0.815431436,0.100074582,TRUE,21,0.820026478,"selected: all-3-model coverage; avg_acc=0.898, avg_macro_f1=0.772, avg_bal_acc=0.815; stability_std_acc=0.100; small dataset (264 rows, 4 features), highly imbalanced (class_imbalance=0.366)"
ann_thyroid.tsv.gz,target,7200,21,3,0.526977932,0,0,21,0,numeric,,,,0.994166667,0.972217556,0.997220903,0.77375,0.365008945,0.679621948,2,0.883958333,0.66861325,0.838421426,0.110208333,FALSE,,,not selected: lower composite score or incomplete 3-model coverage
appendicitis.tsv.gz,target,106,7,2,0.182271271,0,0,7,0,numeric,0.801886792,0.554354354,0.553781513,0.886792453,0.799242424,0.768067227,0.698113208,0.635268817,0.704201681,3,0.795597484,0.662955199,0.67535014,0.077156252,FALSE,,,not selected: lower composite score or incomplete 3-model coverage
backache.tsv.gz,target,180,32,2,0.260802469,0,0,32,0,numeric,0.766666667,0.495192308,0.495483871,0.861111111,0.499499499,0.516774194,0.744444444,0.54,0.549677419,3,0.790740741,0.511563936,0.520645161,0.050579631,FALSE,,,not selected: lower composite score or incomplete 3-model coverage
balance_scale.tsv.gz,target,625,4,3,0.097486507,0,0,4,0,numeric,0.5424,0.397859945,0.56592237,0.856,0.594946735,0.765506512,0.8704,0.691732011,0.802211459,3,0.756266667,0.561512897,0.711213447,0.151340793,FALSE,,,not selected: lower composite score or incomplete 3-model coverage
biomed.tsv.gz,target,209,8,2,0.0398457,0,0,8,0,numeric,0.645933014,0.593598907,0.591791045,0.894736842,0.881860226,0.870945274,0.837320574,0.828655478,0.840845771,3,0.792663477,0.768038204,0.767860697,0.106368944,TRUE,30,0.786218477,"selected: all-3-model coverage; avg_acc=0.793, avg_macro_f1=0.768, avg_bal_acc=0.768; stability_std_acc=0.106; small dataset (209 rows, 8 features), well-balanced (class_imbalance=0.040)"
breast_cancer.tsv.gz,target,286,9,2,0.082253411,0,0,9,0,numeric,0.702797203,0.524926228,0.54413228,0.741258741,0.614499089,0.608838162,0.72027972,0.632130684,0.624465906,3,0.721445221,0.590518667,0.592478783,0.01572347,FALSE,,,not selected: lower composite score or incomplete 3-model coverage
bupa.tsv.gz,target,345,5,2,0.000205839,0,0,5,0,numeric,0.52173913,0.52173913,0.521954008,0.571014493,0.570722357,0.571779182,0.608695652,0.608695652,0.608946342,3,0.567149758,0.56705238,0.567559844,0.035604881,FALSE,,,not selected: lower composite score or incomplete 3-model coverage
calendarDOW.tsv.gz,target,399,32,5,0.011223548,0,0,32,0,numeric,,,,0.619047619,0.592113465,0.747579126,0.56641604,0.531790597,0.711171622,2,0.59273183,0.561952031,0.729375374,0.026315789,FALSE,,,not selected: lower composite score or incomplete 3-model coverage
car_evaluation.tsv.gz,target,1728,6,4,0.292716237,0,0,6,0,numeric,0.58275463,0.292674529,0.541219428,0.94849537,0.871887868,0.933255801,0.712962963,0.37720932,0.637327079,3,0.748070988,0.513923905,0.703934102,0.151362704,FALSE,,,not selected: lower composite score or incomplete 3-model coverage
cars.tsv.gz,target,392,8,3,0.127997883,0,0,8,0,numeric,0.599489796,0.506727537,0.651873835,0.941326531,0.919791672,0.93476079,0.739795918,0.655601873,0.774423664,3,0.760204082,0.694040361,0.78701943,0.140298392,TRUE,40,0.749340518,"selected: all-3-model coverage; avg_acc=0.760, avg_macro_f1=0.694, avg_bal_acc=0.787; stability_std_acc=0.140; small dataset (392 rows, 8 features), moderately imbalanced (class_imbalance=0.128)"
chess.tsv.gz,target,3196,36,2,0.000987036,0,0,36,0,numeric,0.531914894,0.517842744,0.540572472,0.970588235,0.970539492,0.970697213,0.964643304,0.964589136,0.964810169,3,0.822382144,0.817657124,0.825359951,0.205405702,TRUE,20,0.83030438,"selected: all-3-model coverage; avg_acc=0.822, avg_macro_f1=0.818, avg_bal_acc=0.825; stability_std_acc=0.205; medium dataset (3196 rows, 36 features), well-balanced (class_imbalance=0.001)"
churn.tsv.gz,target,5000,20,2,0.25718792,0,0,20,0,numeric,0.7826,0.55779843,0.55853152,0.9408,0.861046642,0.818429791,0.7152,0.569013943,0.612619273,3,0.812866667,0.662619672,0.663193528,0.094554723,FALSE,,,not selected: lower composite score or incomplete 3-model coverage
clean1.tsv.gz,target,476,168,2,0.008482805,0,0,168,0,numeric,1,1,1,1,1,1,0.99789916,0.997861702,0.997584541,3,0.99929972,0.999287234,0.999194847,0.000990346,TRUE,1,0.998880005,"selected: all-3-model coverage; avg_acc=0.999, avg_macro_f1=0.999, avg_bal_acc=0.999; stability_std_acc=0.001; small dataset (476 rows, 168 features), well-balanced (class_imbalance=0.008)"
clean2.tsv.gz,target,6598,168,2,0.239241575,0,0,168,0,numeric,1,1,1,1,1,1,1,1,1,3,1,1,1,0,TRUE,2,0.988037921,"selected: all-3-model coverage; avg_acc=1.000, avg_macro_f1=1.000, avg_bal_acc=1.000; stability_std_acc=0.000; medium dataset (6598 rows, 168 features), highly imbalanced (class_imbalance=0.239)"
cloud.tsv.gz,target,108,7,4,0.003772291,0,0,7,0,numeric,0.361111111,0.354405154,0.570028587,0.481481481,0.475519132,0.652365288,0.398148148,0.369042708,0.596620457,3,0.413580247,0.399655665,0.606338111,0.050337983,FALSE,,,not selected: lower composite score or incomplete 3-model coverage
coil2000.tsv.gz,target,9822,85,2,0.387795138,0,0,85,0,numeric,0.924557117,0.489656933,0.497202666,0.940338017,0.484625879,0.5,0.9368764,0.499312645,0.50615044,3,0.933923844,0.491198485,0.501117702,0.006772365,FALSE,,,not selected: lower composite score or incomplete 3-model coverage
collins.tsv.gz,target,485,23,13,0.020290229,0,0,23,0,numeric,,,,1,1,1,0.649484536,0.618489632,0.795524773,2,0.824742268,0.809244816,0.897762386,0.175257732,FALSE,,,not selected: lower composite score or incomplete 3-model coverage
confidence.tsv.gz,target,72,3,6,0,0,0,3,0,numeric,0.722222222,0.726103957,0.833333333,0.875,0.873695652,0.925,0.75,0.733740596,0.85,3,0.782407407,0.777846735,0.869444444,0.066447686,TRUE,24,0.813450061,"selected: all-3-model coverage; avg_acc=0.782, avg_macro_f1=0.778, avg_bal_acc=0.869; stability_std_acc=0.066; small dataset (72 rows, 3 features), well-balanced (class_imbalance=0.000)"
connect_4.tsv.gz,target,67557,42,3,0.169775035,0,0,42,0,numeric,0.525793034,0.396066509,0.561263144,0.658303359,0.26464935,0.5,0.660553311,0.284367155,0.506949324,3,0.614883234,0.315027671,0.522737489,0.063002981,FALSE,,,not selected: lower composite score or incomplete 3-model coverage
corral.tsv.gz,target,160,6,2,0.0078125,0,0,6,0,numeric,0.575,0.565217391,0.565079365,1,1,1,0.86875,0.863630829,0.857936508,3,0.814583333,0.809616073,0.807671958,0.177682809,TRUE,22,0.819997157,"selected: all-3-model coverage; avg_acc=0.815, avg_macro_f1=0.810, avg_bal_acc=0.808; stability_std_acc=0.178; small dataset (160 rows, 6 features), well-balanced (class_imbalance=0.008)"
dermatology.tsv.gz,target,366,34,6,0.034548658,0,0,34,0,numeric,,,,0.972677596,0.963369705,0.976819279,0.978142077,0.976667373,0.98607679,2,0.975409836,0.970018539,0.981448035,0.00273224,FALSE,,,not selected: lower composite score or incomplete 3-model coverage
dis.tsv.gz,target,3772,29,2,0.469719955,0,0,29,0,numeric,0.878844115,0.472078053,0.463256457,0.984623542,0.496126102,0.5,0.930275716,0.489420003,0.489373851,3,0.931247791,0.485874719,0.484210103,0.04318974,FALSE,,,not selected: lower composite score or incomplete 3-model coverage
dna.tsv.gz,target,3186,180,3,0.051789865,0,0,180,0,numeric,,,,0.930634024,0.921626059,0.945415073,0.949780289,0.943785613,0.9609765,2,0.940207156,0.932705836,0.953195786,0.009573132,FALSE,,,not selected: lower composite score or incomplete 3-model coverage
ecoli.tsv.gz,target,327,7,5,0.087171862,0,0,7,0,numeric,,,,0.874617737,0.830871691,0.892161596,0.868501529,0.821513744,0.894337925,2,0.871559633,0.826192718,0.893249761,0.003058104,FALSE,,,not selected: lower composite score or incomplete 3-model coverage
fars.tsv.gz,target,100968,29,8,0.13693189,0,0,29,0,numeric,,,,0.769778544,0.390991079,0.695904594,0.675124792,0.353155605,0.651128559,2,0.722451668,0.372073342,0.673516576,0.047326876,FALSE,,,not selected: lower composite score or incomplete 3-model coverage
flags.tsv.gz,target,178,43,5,0.035134453,0,0,43,0,numeric,,,,0.52247191,0.455665999,0.665017039,0.443820225,0.356400881,0.6093594,2,0.483146067,0.40603344,0.63718822,0.039325843,FALSE,,,not selected: lower composite score or incomplete 3-model coverage
glass2.tsv.gz,target,163,9,2,0.00227709,0,0,9,0,numeric,0.595092025,0.577786499,0.584089534,0.871165644,0.869575157,0.867664852,0.668711656,0.668599398,0.673018754,3,0.711656442,0.705320351,0.708257713,0.116725752,FALSE,,,not selected: lower composite score or incomplete 3-model coverage
haberman.tsv.gz,target,306,3,2,0.110726644,0,0,3,0,numeric,,,,0.725490196,0.541,0.548641975,0.483660131,0.472758997,0.534320988,2,0.604575163,0.506879498,0.541481481,0.120915033,FALSE,,,not selected: lower composite score or incomplete 3-model coverage
hayes_roth.tsv.gz,target,160,4,3,0.029244792,0,0,4,0,numeric,,,,0.79375,0.829293233,0.857276203,0.4875,0.445633593,0.650506986,2,0.640625,0.637463413,0.753891594,0.153125,FALSE,,,not selected: lower composite score or incomplete 3-model coverage
hepatitis.tsv.gz,target,155,19,2,0.172341311,0,0,19,0,numeric,,,,0.84516129,0.738470191,0.717479675,0.819354839,0.724339431,0.724339431,2,0.832258065,0.731404811,0.720909553,0.012903226,FALSE,,,not selected: lower composite score or incomplete 3-model coverage
hypothyroid.tsv.gz,target,3163,25,2,0.409079142,0,0,25,0,numeric,0.878596269,0.536853665,0.558824305,0.977552956,0.859163824,0.815224752,0.870376225,0.554812908,0.598541815,3,0.908841817,0.650276799,0.657530291,0.048701867,FALSE,,,not selected: lower composite score or incomplete 3-model coverage
ionosphere.tsv.gz,target,351,34,2,0.039776463,0,0,34,0,numeric,0.584045584,0.554072398,0.555079365,0.94017094,0.933654963,0.925396825,0.863247863,0.848652533,0.842698413,3,0.795821462,0.778793298,0.774391534,0.153005571,TRUE,28,0.792724227,"selected: all-3-model coverage; avg_acc=0.796, avg_macro_f1=0.779, avg_bal_acc=0.774; stability_std_acc=0.153; small dataset (351 rows, 34 features), well-balanced (class_imbalance=0.040)"
iris.tsv.gz,target,150,4,3,0,0,0,4,0,numeric,0.44,0.431935796,0.58,0.953333333,0.953328666,0.965,0.866666667,0.861175259,0.9,3,0.753333333,0.74881324,0.815,0.224367424,TRUE,34,0.779501301,"selected: all-3-model coverage; avg_acc=0.753, avg_macro_f1=0.749, avg_bal_acc=0.815; stability_std_acc=0.224; small dataset (150 rows, 4 features), well-balanced (class_imbalance=0.000)"
irish.tsv.gz,target,500,5,2,0.006272,0,0,5,0,numeric,1,1,1,1,1,1,0.756,0.753535354,0.754261456,3,0.918666667,0.917845118,0.918087152,0.115022703,TRUE,8,0.921987313,"selected: all-3-model coverage; avg_acc=0.919, avg_macro_f1=0.918, avg_bal_acc=0.918; stability_std_acc=0.115; small dataset (500 rows, 5 features), well-balanced (class_imbalance=0.006)"
kddcup.tsv.gz,target,494020,41,23,0.3654858,0,0,41,0,numeric,,,,,,,,,,0,,,,,FALSE,,,not selected: lower composite score or incomplete 3-model coverage
kr_vs_kp.tsv.gz,target,3196,36,2,0.000987036,0,0,36,0,numeric,0.561952441,0.554104582,0.568970043,0.970588235,0.970539492,0.970697213,0.964330413,0.964274886,0.96448273,3,0.832290363,0.829639653,0.834716662,0.191174849,TRUE,16,0.840305319,"selected: all-3-model coverage; avg_acc=0.832, avg_macro_f1=0.830, avg_bal_acc=0.835; stability_std_acc=0.191; medium dataset (3196 rows, 36 features), well-balanced (class_imbalance=0.001)"
krkopt.tsv.gz,target,28056,6,18,0.04879828,0,0,6,0,numeric,0.121934702,0.08328927,0.519802876,0.416666667,0.292053505,0.636582689,0.24750499,0.111030328,0.548627497,3,0.262035453,0.162124368,0.568337688,0.120761703,FALSE,,,not selected: lower composite score or incomplete 3-model coverage
labor.tsv.gz,target,57,16,2,0.044475223,0,0,16,0,numeric,0.684210526,0.644736842,0.641891892,0.894736842,0.886904762,0.895945946,0.929824561,0.922972973,0.922972973,3,0.83625731,0.818204859,0.82027027,0.108463374,TRUE,19,0.831905566,"selected: all-3-model coverage; avg_acc=0.836, avg_macro_f1=0.818, avg_bal_acc=0.820; stability_std_acc=0.108; small dataset (57 rows, 16 features), well-balanced (class_imbalance=0.044)"
led24.tsv.gz,target,3200,24,10,0.000169727,0,0,24,0,numeric,0.1771875,0.158919665,0.542907032,0.71875,0.717957836,0.843628473,0.723125,0.718683438,0.846074507,3,0.5396875,0.531853646,0.744203337,0.256332431,FALSE,,,not selected: lower composite score or incomplete 3-model coverage
led7.tsv.gz,target,3200,7,10,0.000392773,0,0,7,0,numeric,0.1771875,0.159746616,0.542610188,0.7425,0.735232197,0.854970087,0.6821875,0.644230009,0.820757954,3,0.533958333,0.513069607,0.739446076,0.253473825,FALSE,,,not selected: lower composite score or incomplete 3-model coverage
letter.tsv.gz,target,20000,16,26,3.36E-05,0,0,16,0,numeric,,,,0.8039,0.805773823,0.897627658,0.58005,0.555641411,0.780927714,2,0.691975,0.680707617,0.839277686,0.111925,FALSE,,,not selected: lower composite score or incomplete 3-model coverage
lupus.tsv.gz,target,87,3,2,0.019091029,0,0,3,0,numeric,0.586206897,0.565482797,0.56510989,0.735632184,0.717572336,0.713461538,0.735632184,0.73209265,0.741483516,3,0.685823755,0.671715927,0.673351648,0.070439756,FALSE,,,not selected: lower composite score or incomplete 3-model coverage
lymphography.tsv.gz,target,148,18,4,0.220325055,0,0,18,0,numeric,,,,0.858108108,0.599404762,0.745457743,0.831081081,0.633927673,0.764328722,2,0.844594595,0.616666218,0.754893232,0.013513514,FALSE,,,not selected: lower composite score or incomplete 3-model coverage
magic.tsv.gz,target,19020,10,2,0.044027395,0,0,10,0,numeric,0.579495268,0.5753731,0.60338941,0.839064143,0.809329883,0.791584154,0.681861199,0.675986836,0.703886357,3,0.700140203,0.686896606,0.699619974,0.106753897,FALSE,,,not selected: lower composite score or incomplete 3-model coverage
mfeat_factors.tsv.gz,target,2000,216,10,0,0,0,216,0,numeric,0.5965,0.59573718,0.775833333,,,,0.9775,0.977480019,0.9875,2,0.787,0.7866086,0.881666667,0.1905,FALSE,,,not selected: lower composite score or incomplete 3-model coverage
mfeat_fourier.tsv.gz,target,2000,76,10,0,0,0,76,0,numeric,0.553,0.552055536,0.751666667,,,,0.7875,0.780431734,0.881944444,2,0.67025,0.666243635,0.816805556,0.11725,FALSE,,,not selected: lower composite score or incomplete 3-model coverage
mfeat_karhunen.tsv.gz,target,2000,64,10,0,0,0,64,0,numeric,0.737,0.736122634,0.853888889,0.9355,0.935499053,0.964166667,0.9315,0.931403464,0.961944444,3,0.868,0.86767505,0.926666667,0.092645381,TRUE,12,0.889152934,"selected: all-3-model coverage; avg_acc=0.868, avg_macro_f1=0.868, avg_bal_acc=0.927; stability_std_acc=0.093; medium dataset (2000 rows, 64 features), well-balanced (class_imbalance=0.000)"
mfeat_morphological.tsv.gz,target,2000,6,10,0,0,0,6,0,numeric,0.257,0.251972174,0.587222222,0.7425,0.72567114,0.856944444,0.7345,0.728412992,0.8525,3,0.578,0.568685435,0.765555556,0.227004772,FALSE,,,not selected: lower composite score or incomplete 3-model coverage
mfeat_pixel.tsv.gz,target,2000,240,10,0,0,0,240,0,numeric,0.7115,0.710209325,0.839722222,0.9555,0.955522359,0.975277778,0.9525,0.952517161,0.973611111,3,0.873166667,0.872749615,0.929537037,0.114322157,TRUE,10,0.893454958,"selected: all-3-model coverage; avg_acc=0.873, avg_macro_f1=0.873, avg_bal_acc=0.930; stability_std_acc=0.114; medium dataset (2000 rows, 240 features), well-balanced (class_imbalance=0.000)"
mfeat_zernike.tsv.gz,target,2000,47,10,0,0,0,47,0,numeric,0.574,0.571650107,0.763333333,0.769,0.763305422,0.871666667,0.799,0.786198523,0.888333333,3,0.714,0.707051351,0.841111111,0.099749687,TRUE,38,0.757645751,"selected: all-3-model coverage; avg_acc=0.714, avg_macro_f1=0.707, avg_bal_acc=0.841; stability_std_acc=0.100; medium dataset (2000 rows, 47 features), well-balanced (class_imbalance=0.000)"
mnist.tsv.gz,target,70000,784,10,0.000292873,0,0,784,0,numeric,,,,,,,,,,0,,,,,FALSE,,,not selected: lower composite score or incomplete 3-model coverage
mofn_3_7_10.tsv.gz,target,1324,10,2,0.156191528,0,0,10,0,numeric,0.590634441,0.528091897,0.563050865,0.954682779,0.928623798,0.897260274,0.972809668,0.960649891,0.962912817,3,0.839375629,0.805788529,0.807741319,0.176042192,TRUE,23,0.819933209,"selected: all-3-model coverage; avg_acc=0.839, avg_macro_f1=0.806, avg_bal_acc=0.808; stability_std_acc=0.176; medium dataset (1324 rows, 10 features), moderately imbalanced (class_imbalance=0.156)"
molecular_biology_promoters.tsv.gz,target,106,57,2,0,0,0,57,0,numeric,0.679245283,0.664806548,0.679245283,0.886792453,0.886792453,0.886792453,0.764150943,0.763961878,0.764150943,3,0.77672956,0.771853626,0.77672956,0.085196334,TRUE,31,0.786186505,"selected: all-3-model coverage; avg_acc=0.777, avg_macro_f1=0.772, avg_bal_acc=0.777; stability_std_acc=0.085; small dataset (106 rows, 57 features), well-balanced (class_imbalance=0.000)"
monk1.tsv.gz,target,556,6,2,0,0,0,6,0,numeric,0.507194245,0.503797798,0.507194245,0.78057554,0.769855057,0.78057554,0.597122302,0.597038878,0.597122302,3,0.628297362,0.623563911,0.628297362,0.113763633,FALSE,,,not selected: lower composite score or incomplete 3-model coverage
monk2.tsv.gz,target,601,6,2,0.049447538,0,0,6,0,numeric,0.589018303,0.515583547,0.517782967,0.657237937,0.396586345,0.5,0.59733777,0.442135383,0.478818975,3,0.614531337,0.451435092,0.498867314,0.030388525,FALSE,,,not selected: lower composite score or incomplete 3-model coverage
monk3.tsv.gz,target,554,6,2,0.000788489,0,0,6,0,numeric,0.980144404,0.980115833,0.980184837,0.989169675,0.989145768,0.988865393,0.783393502,0.782756457,0.782477026,3,0.917569194,0.917339353,0.917175752,0.09494806,TRUE,9,0.921472505,"selected: all-3-model coverage; avg_acc=0.918, avg_macro_f1=0.917, avg_bal_acc=0.917; stability_std_acc=0.095; small dataset (554 rows, 6 features), well-balanced (class_imbalance=0.001)"
movement_libras.tsv.gz,target,360,90,15,0,0,0,90,0,numeric,,,,0.819444444,0.818329296,0.90327381,0.702777778,0.691488029,0.84077381,2,0.761111111,0.754908663,0.87202381,0.058333333,FALSE,,,not selected: lower composite score or incomplete 3-model coverage
mushroom.tsv.gz,target,8124,22,2,0.000645946,0,0,22,0,numeric,1,1,1,1,1,1,0.946085672,0.945983108,0.94574127,3,0.982028557,0.981994369,0.981913757,0.025415458,TRUE,3,0.982854166,"selected: all-3-model coverage; avg_acc=0.982, avg_macro_f1=0.982, avg_bal_acc=0.982; stability_std_acc=0.025; medium dataset (8124 rows, 22 features), well-balanced (class_imbalance=0.001)"
mux6.tsv.gz,target,128,6,2,0,0,0,6,0,numeric,0.5078125,0.462937063,0.5078125,1,1,1,0.609375,0.609279609,0.609375,3,0.705729167,0.690738891,0.705729167,0.212171672,FALSE,,,not selected: lower composite score or incomplete 3-model coverage
new_thyroid.tsv.gz,target,215,5,3,0.199387056,0,0,5,0,numeric,,,,0.962790698,0.948695225,0.945118635,0.525581395,0.533653846,0.774950335,2,0.744186047,0.741174536,0.860034485,0.218604651,FALSE,,,not selected: lower composite score or incomplete 3-model coverage
nursery.tsv.gz,target,12958,8,4,0.067567452,0,0,8,0,numeric,,,,0.895277049,0.679698203,0.824986399,0.750578793,0.56876126,0.74172232,2,0.822927921,0.624229732,0.78335436,0.072349128,FALSE,,,not selected: lower composite score or incomplete 3-model coverage
optdigits.tsv.gz,target,5620,64,10,1.32E-05,0,0,64,0,numeric,0.612989324,0.610040894,0.785193216,0.961209964,0.961256296,0.97845488,0.953914591,0.95384192,0.974390265,3,0.842704626,0.841713036,0.912679454,0.162460551,TRUE,13,0.867715384,"selected: all-3-model coverage; avg_acc=0.843, avg_macro_f1=0.842, avg_bal_acc=0.913; stability_std_acc=0.162; medium dataset (5620 rows, 64 features), well-balanced (class_imbalance=0.000)"
page_blocks.tsv.gz,target,5473,10,5,0.610168343,0,0,10,0,numeric,,,,0.969303855,0.792187021,0.850359599,0.514891284,0.289415445,0.723568469,2,0.74209757,0.540801233,0.786964034,0.227206285,FALSE,,,not selected: lower composite score or incomplete 3-model coverage
parity5+5.tsv.gz,target,1124,10,2,3.96E-05,0,0,10,0,numeric,0.502669039,0.502668645,0.502716746,0.504448399,0.335304554,0.5,0.379893238,0.376656071,0.37928212,3,0.462336892,0.404876423,0.460666289,0.058300992,FALSE,,,not selected: lower composite score or incomplete 3-model coverage
parity5.tsv.gz,target,32,5,2,0,0,0,5,0,numeric,0.46875,0.464039409,0.46875,0,0,0,0.09375,0.092864125,0.09375,3,0.1875,0.185634511,0.1875,0.202523147,FALSE,,,not selected: lower composite score or incomplete 3-model coverage
pendigits.tsv.gz,target,10992,16,10,0.000160263,0,0,16,0,numeric,0.351164483,0.351788721,0.639188485,0.968340611,0.968626094,0.982629311,0.882914847,0.88215158,0.934792161,3,0.734139981,0.734188799,0.852203319,0.273040979,TRUE,35,0.776957889,"selected: all-3-model coverage; avg_acc=0.734, avg_macro_f1=0.734, avg_bal_acc=0.852; stability_std_acc=0.273; medium dataset (10992 rows, 16 features), well-balanced (class_imbalance=0.000)"
penguins.tsv.gz,target,333,7,3,0.028298569,0,0,7,0,numeric,0.843843844,0.820581434,0.863923974,0.993993994,0.992757302,0.993315508,0.990990991,0.989091372,0.989973262,3,0.942942943,0.93414337,0.949070915,0.070084369,TRUE,5,0.94283301,"selected: all-3-model coverage; avg_acc=0.943, avg_macro_f1=0.934, avg_bal_acc=0.949; stability_std_acc=0.070; small dataset (333 rows, 7 features), well-balanced (class_imbalance=0.028)"
phoneme.tsv.gz,target,5404,5,2,0.085295811,0,0,5,0,numeric,0.668948927,0.568935018,0.566671148,0.81180607,0.772972982,0.77282214,0.717431532,0.69618737,0.73330963,3,0.732728843,0.679365124,0.690934306,0.059315802,FALSE,,,not selected: lower composite score or incomplete 3-model coverage
poker.tsv.gz,target,1025010,10,10,0.332436225,0,0,10,0,numeric,,,,,,,0.41943981,0.068505304,0.518219993,1,0.41943981,0.068505304,0.518219993,0,FALSE,,,not selected: lower composite score or incomplete 3-model coverage
postoperative_patient_data.tsv.gz,target,88,8,2,0.103305785,0,0,8,0,numeric,,,,0.659090909,0.397260274,0.453125,0.670454545,0.401360544,0.4609375,2,0.664772727,0.399310409,0.45703125,0.005681818,FALSE,,,not selected: lower composite score or incomplete 3-model coverage
prnn_crabs.tsv.gz,target,200,7,2,0,0,0,7,0,numeric,0.805,0.803224097,0.805,0.955,0.954998875,0.955,0.995,0.994999875,0.995,3,0.918333333,0.917740949,0.918333333,0.081785628,TRUE,7,0.922209332,"selected: all-3-model coverage; avg_acc=0.918, avg_macro_f1=0.918, avg_bal_acc=0.918; stability_std_acc=0.082; small dataset (200 rows, 7 features), well-balanced (class_imbalance=0.000)"
prnn_synth.tsv.gz,target,250,2,2,0,0,0,2,0,numeric,0.704,0.701689886,0.704,0.816,0.815952884,0.816,0.844,0.843577032,0.844,3,0.788,0.787073268,0.788,0.060486913,TRUE,26,0.798275644,"selected: all-3-model coverage; avg_acc=0.788, avg_macro_f1=0.787, avg_bal_acc=0.788; stability_std_acc=0.060; small dataset (250 rows, 2 features), well-balanced (class_imbalance=0.000)"
profb.tsv.gz,target,672,9,2,0.055555556,0,0,9,0,numeric,0.619047619,0.510894782,0.520089286,0.671130952,0.520085311,0.544642857,0.601190476,0.581996435,0.595982143,3,0.630456349,0.537658843,0.553571429,0.029670826,FALSE,,,not selected: lower composite score or incomplete 3-model coverage
ring.tsv.gz,target,7400,20,2,4.73E-05,0,0,20,0,numeric,0.533513514,0.531933061,0.534129454,0.90527027,0.905084931,0.905785968,0.766756757,0.763441762,0.765677452,3,0.73518018,0.733486585,0.735197625,0.153402698,FALSE,,,not selected: lower composite score or incomplete 3-model coverage
saheart.tsv.gz,target,462,9,2,0.047234872,0,0,9,0,numeric,0.614718615,0.54576788,0.54660596,0.664502165,0.602067183,0.599379139,0.647186147,0.631609586,0.64490894,3,0.642135642,0.593148216,0.59696468,0.020635425,FALSE,,,not selected: lower composite score or incomplete 3-model coverage
satimage.tsv.gz,target,6435,36,6,0.023007277,0,0,36,0,numeric,,,,0.881895882,0.858358645,0.913328067,0.791763792,0.663444411,0.823436826,2,0.836829837,0.760901528,0.868382446,0.045066045,FALSE,,,not selected: lower composite score or incomplete 3-model coverage
schizo.tsv.gz,target,340,14,3,0.098569781,0,0,14,0,numeric,0.552941176,0.330585082,0.516613408,0.547058824,0.359279249,0.525982496,0.517647059,0.368569867,0.532066896,3,0.539215686,0.352811399,0.5248876,0.015439231,FALSE,,,not selected: lower composite score or incomplete 3-model coverage
segmentation.tsv.gz,target,2310,19,7,0,0,0,19,0,numeric,0.338095238,0.335629974,0.613888889,0.969264069,0.969222963,0.982070707,0.8995671,0.898272145,0.941414141,3,0.735642136,0.734375028,0.845791246,0.282544473,TRUE,36,0.775953819,"selected: all-3-model coverage; avg_acc=0.736, avg_macro_f1=0.734, avg_bal_acc=0.846; stability_std_acc=0.283; medium dataset (2310 rows, 19 features), well-balanced (class_imbalance=0.000)"
shuttle.tsv.gz,target,58000,9,7,0.501629214,0,0,9,0,numeric,,,,0.99487931,0.426238948,0.712503069,0.936948276,0.454736228,0.69921916,2,0.965913793,0.440487588,0.705861115,0.028965517,FALSE,,,not selected: lower composite score or incomplete 3-model coverage
sleep.tsv.gz,target,105908,13,5,0.11879505,0,0,13,0,numeric,,,,0.709124901,0.54964496,0.721317975,0.628583299,0.516128364,0.728319079,2,0.6688541,0.532886662,0.724818527,0.040270801,FALSE,,,not selected: lower composite score or incomplete 3-model coverage
sonar.tsv.gz,target,208,60,2,0.002265163,0,0,60,0,numeric,0.519230769,0.50263032,0.5092412,0.855769231,0.853823088,0.851862171,0.769230769,0.767857143,0.767530417,3,0.71474359,0.708103517,0.709544596,0.142691213,FALSE,,,not selected: lower composite score or incomplete 3-model coverage
soybean.tsv.gz,target,675,35,18,0.034252949,0,0,35,0,numeric,,,,0.940740741,0.96448746,0.982713658,0.905185185,0.941558694,0.966674562,2,0.922962963,0.953023077,0.97469411,0.017777778,FALSE,,,not selected: lower composite score or incomplete 3-model coverage
spambase.tsv.gz,target,4601,57,2,0.02245302,0,0,57,0,numeric,0.656161704,0.650897344,0.659766741,0.921104108,0.916575346,0.912716998,0.925885677,0.922923361,0.925921291,3,0.83438383,0.830132017,0.832801677,0.126037191,TRUE,17,0.839658315,"selected: all-3-model coverage; avg_acc=0.834, avg_macro_f1=0.830, avg_bal_acc=0.833; stability_std_acc=0.126; medium dataset (4601 rows, 57 features), well-balanced (class_imbalance=0.022)"
spect.tsv.gz,target,267,22,2,0.172880809,0,0,22,0,numeric,0.573033708,0.483821734,0.502229846,0.805243446,0.689534884,0.682118353,0.838951311,0.724709267,0.703344768,3,0.739076155,0.632688628,0.629230989,0.118213439,FALSE,,,not selected: lower composite score or incomplete 3-model coverage
spectf.tsv.gz,target,349,44,2,0.103779936,0,0,44,0,numeric,0.690544413,0.512267081,0.523829258,0.905444126,0.881834505,0.885619561,0.796561605,0.757546404,0.774575218,3,0.797516714,0.717215996,0.728008012,0.08773504,TRUE,39,0.756969455,"selected: all-3-model coverage; avg_acc=0.798, avg_macro_f1=0.717, avg_bal_acc=0.728; stability_std_acc=0.088; small dataset (349 rows, 44 features), moderately imbalanced (class_imbalance=0.104)"
splice.tsv.gz,target,3188,60,3,0.051784203,0,0,60,0,numeric,0.592848181,0.572995541,0.687073197,0.93663739,0.929723975,0.954275843,0.821518193,0.809154087,0.85938894,3,0.783667921,0.770624534,0.833579326,0.142880457,TRUE,25,0.799807981,"selected: all-3-model coverage; avg_acc=0.784, avg_macro_f1=0.771, avg_bal_acc=0.834; stability_std_acc=0.143; medium dataset (3188 rows, 60 features), moderately imbalanced (class_imbalance=0.052)"
tae.tsv.gz,target,151,5,3,0.000204669,0,0,5,0,numeric,,,,0.668874172,0.668073965,0.75127414,0.476821192,0.471425852,0.606611583,2,0.572847682,0.569749908,0.678942862,0.09602649,FALSE,,,not selected: lower composite score or incomplete 3-model coverage
texture.tsv.gz,target,5500,40,11,0,0,0,40,0,numeric,,,,0.955272727,0.955427901,0.9754,0.995090909,0.995091511,0.9973,2,0.975181818,0.975259706,0.98635,0.019909091,FALSE,,,not selected: lower composite score or incomplete 3-model coverage
threeOf9.tsv.gz,target,512,9,2,0.002471924,0,0,9,0,numeric,0.552734375,0.537474112,0.542645525,0.986328125,0.986284122,0.987226277,0.783203125,0.781803941,0.781435932,3,0.774088542,0.768520725,0.770435912,0.177131198,TRUE,32,0.782398625,"selected: all-3-model coverage; avg_acc=0.774, avg_macro_f1=0.769, avg_bal_acc=0.770; stability_std_acc=0.177; small dataset (512 rows, 9 features), well-balanced (class_imbalance=0.002)"
tic_tac_toe.tsv.gz,target,958,9,2,0.047090537,0,0,9,0,numeric,0.520876827,0.500167663,0.506072212,0.861169102,0.826750155,0.799698795,0.629436326,0.559812737,0.560139921,3,0.670494085,0.628910185,0.621970309,0.141924893,FALSE,,,not selected: lower composite score or incomplete 3-model coverage
tokyo1.tsv.gz,target,959,44,2,0.03875746,0,0,44,0,numeric,0.722627737,0.712382177,0.726385916,0.935349322,0.929371377,0.926140275,0.921793535,0.914158864,0.909242426,3,0.859923531,0.851970806,0.853922872,0.097240393,TRUE,14,0.860705863,"selected: all-3-model coverage; avg_acc=0.860, avg_macro_f1=0.852, avg_bal_acc=0.854; stability_std_acc=0.097; small dataset (959 rows, 44 features), well-balanced (class_imbalance=0.039)"
twonorm.tsv.gz,target,7400,20,2,3.29E-07,0,0,20,0,numeric,0.575810811,0.574326324,0.575859071,0.940405405,0.940405317,0.940405038,0.977432432,0.977432284,0.977430993,3,0.831216216,0.830721308,0.831231701,0.181230408,TRUE,18,0.839486042,"selected: all-3-model coverage; avg_acc=0.831, avg_macro_f1=0.831, avg_bal_acc=0.831; stability_std_acc=0.181; medium dataset (7400 rows, 20 features), well-balanced (class_imbalance=0.000)"
vehicle.tsv.gz,target,846,18,4,0.000319959,0,0,18,0,numeric,,,,0.738770686,0.733984089,0.827291417,0.756501182,0.74908664,0.839126852,2,0.747635934,0.741535364,0.833209135,0.008865248,FALSE,,,not selected: lower composite score or incomplete 3-model coverage
vowel.tsv.gz,target,990,13,11,0,0,0,13,0,numeric,0.63030303,0.629491036,0.796666667,0.947474747,0.947377764,0.971111111,0.514141414,0.500556878,0.732777778,3,0.697306397,0.692475226,0.833518519,0.183142081,FALSE,,,not selected: lower composite score or incomplete 3-model coverage
waveform_21.tsv.gz,target,5000,21,3,5.36E-05,0,0,21,0,numeric,0.6078,0.607533312,0.705575749,0.8208,0.819980796,0.865425381,0.8596,0.859141573,0.894529071,3,0.762733333,0.76221856,0.8218434,0.110693611,TRUE,29,0.789191331,"selected: all-3-model coverage; avg_acc=0.763, avg_macro_f1=0.762, avg_bal_acc=0.822; stability_std_acc=0.111; medium dataset (5000 rows, 21 features), well-balanced (class_imbalance=0.000)"
waveform_40.tsv.gz,target,5000,40,3,3.86E-05,0,0,40,0,numeric,0.5344,0.531662268,0.651372503,0.829,0.828487429,0.87202528,0.8598,0.859774768,0.89496012,3,0.741066667,0.739974822,0.806119301,0.146675363,TRUE,37,0.769892417,"selected: all-3-model coverage; avg_acc=0.741, avg_macro_f1=0.740, avg_bal_acc=0.806; stability_std_acc=0.147; medium dataset (5000 rows, 40 features), well-balanced (class_imbalance=0.000)"
wine_quality_red.tsv.gz,target,1599,11,6,0.190670099,0,0,11,0,numeric,,,,0.644777986,0.304001556,0.602236852,0.507817386,0.261942388,0.566116763,2,0.576297686,0.282971972,0.584176807,0.0684803,FALSE,,,not selected: lower composite score or incomplete 3-model coverage
wine_quality_white.tsv.gz,target,4898,11,7,0.181692289,0,0,11,0,numeric,,,,0.548182932,0.214816469,0.555527446,0.425888118,0.220455704,0.562938223,2,0.487035525,0.217636086,0.559232834,0.061147407,FALSE,,,not selected: lower composite score or incomplete 3-model coverage
wine_recognition.tsv.gz,target,178,13,3,0.008353322,0,0,13,0,numeric,,,,0.966292135,0.966459126,0.975951269,0.971910112,0.971700096,0.981734145,2,0.969101124,0.969079611,0.978842707,0.002808989,FALSE,,,not selected: lower composite score or incomplete 3-model coverage
xd6.tsv.gz,target,973,9,2,0.057165778,0,0,9,0,numeric,0.58684481,0.56918451,0.585303546,1,1,1,0.808838643,0.772024367,0.759834369,3,0.798561151,0.780402959,0.781712638,0.168826386,TRUE,27,0.795207309,"selected: all-3-model coverage; avg_acc=0.799, avg_macro_f1=0.780, avg_bal_acc=0.782; stability_std_acc=0.169; small dataset (973 rows, 9 features), moderately imbalanced (class_imbalance=0.057)"
yeast.tsv.gz,target,1479,8,9,0.113615864,0,0,8,0,numeric,0.310344828,0.211824881,0.562809545,0.621365788,0.540988109,0.739647526,0.459770115,0.320326759,0.651818606,3,0.46382691,0.35771325,0.651425226,0.127006175,FALSE,,,not selected: lower composite score or incomplete 3-model coverage
