"rank","dataset","classifier","balanced_accuracy","accuracy","macro_f1","source_file"
"1","clean1.tsv.gz","RandomForestClassifier","1","1","1","clean1.tsv.gz"
"2","clean2.tsv.gz","RandomForestClassifier","1","1","1","clean2.tsv.gz"
"3","mux6.tsv.gz","RandomForestClassifier","1","1","1","mux6.tsv.gz"
"4","mushroom.tsv.gz","RandomForestClassifier","1","1","1","mushroom.tsv.gz"
"5","agaricus_lepiota.tsv.gz","RandomForestClassifier","1","1","1","agaricus_lepiota.tsv.gz"
"6","irish.tsv.gz","RandomForestClassifier","1","1","1","irish.tsv.gz"
"7","xd6.tsv.gz","RandomForestClassifier","1","1","1","xd6.tsv.gz"
"8","collins.tsv.gz","RandomForestClassifier","1","1","1","collins.tsv.gz"
"9","corral.tsv.gz","RandomForestClassifier","1","1","1","corral.tsv.gz"
"10","ann_thyroid.tsv.gz","RandomForestClassifier","0.997220903","0.994166667","0.972217556","ann_thyroid.tsv.gz"
"11","penguins.tsv.gz","RandomForestClassifier","0.993315508","0.993993994","0.992757302","penguins.tsv.gz"
"12","analcatdata_creditscore.tsv.gz","RandomForestClassifier","0.993150685","0.99","0.987460815","analcatdata_creditscore.tsv.gz"
"13","monk3.tsv.gz","RandomForestClassifier","0.988865393","0.989169675","0.989145768","monk3.tsv.gz"
"14","threeOf9.tsv.gz","RandomForestClassifier","0.987226277","0.986328125","0.986284122","threeOf9.tsv.gz"
"15","soybean.tsv.gz","RandomForestClassifier","0.982713658","0.940740741","0.96448746","soybean.tsv.gz"
"16","pendigits.tsv.gz","RandomForestClassifier","0.982629311","0.968340611","0.968626094","pendigits.tsv.gz"
"17","segmentation.tsv.gz","RandomForestClassifier","0.982070707","0.969264069","0.969222963","segmentation.tsv.gz"
"18","optdigits.tsv.gz","RandomForestClassifier","0.97845488","0.961209964","0.961256296","optdigits.tsv.gz"
"19","analcatdata_authorship.tsv.gz","RandomForestClassifier","0.97729925","0.973840666","0.970538766","analcatdata_authorship.tsv.gz"
"20","dermatology.tsv.gz","RandomForestClassifier","0.976819279","0.972677596","0.963369705","dermatology.tsv.gz"
"21","wine_recognition.tsv.gz","RandomForestClassifier","0.975951269","0.966292135","0.966459126","wine_recognition.tsv.gz"
"22","texture.tsv.gz","RandomForestClassifier","0.9754","0.955272727","0.955427901","texture.tsv.gz"
"23","mfeat_pixel.tsv.gz","RandomForestClassifier","0.975277778","0.9555","0.955522359","mfeat_pixel.tsv.gz"
"24","vowel.tsv.gz","RandomForestClassifier","0.971111111","0.947474747","0.947377764","vowel.tsv.gz"
"25","kr_vs_kp.tsv.gz","RandomForestClassifier","0.970697213","0.970588235","0.970539492","kr_vs_kp.tsv.gz"
"26","chess.tsv.gz","RandomForestClassifier","0.970697213","0.970588235","0.970539492","chess.tsv.gz"
"27","iris.tsv.gz","RandomForestClassifier","0.965","0.953333333","0.953328666","iris.tsv.gz"
"28","mfeat_karhunen.tsv.gz","RandomForestClassifier","0.964166667","0.9355","0.935499053","mfeat_karhunen.tsv.gz"
"29","prnn_crabs.tsv.gz","RandomForestClassifier","0.955","0.955","0.954998875","prnn_crabs.tsv.gz"
"30","splice.tsv.gz","RandomForestClassifier","0.954275843","0.93663739","0.929723975","splice.tsv.gz"
"31","dna.tsv.gz","RandomForestClassifier","0.945415073","0.930634024","0.921626059","dna.tsv.gz"
"32","new_thyroid.tsv.gz","RandomForestClassifier","0.945118635","0.962790698","0.948695225","new_thyroid.tsv.gz"
"33","analcatdata_lawsuit.tsv.gz","RandomForestClassifier","0.943286788","0.984848485","0.943286788","analcatdata_lawsuit.tsv.gz"
"34","twonorm.tsv.gz","RandomForestClassifier","0.940405038","0.940405405","0.940405317","twonorm.tsv.gz"
"35","cars.tsv.gz","RandomForestClassifier","0.93476079","0.941326531","0.919791672","cars.tsv.gz"
"36","car_evaluation.tsv.gz","RandomForestClassifier","0.933255801","0.94849537","0.871887868","car_evaluation.tsv.gz"
"37","tokyo1.tsv.gz","RandomForestClassifier","0.926140275","0.935349322","0.929371377","tokyo1.tsv.gz"
"38","ionosphere.tsv.gz","RandomForestClassifier","0.925396825","0.94017094","0.933654963","ionosphere.tsv.gz"
"39","confidence.tsv.gz","RandomForestClassifier","0.925","0.875","0.873695652","confidence.tsv.gz"
"40","satimage.tsv.gz","RandomForestClassifier","0.913328067","0.881895882","0.858358645","satimage.tsv.gz"
"41","spambase.tsv.gz","RandomForestClassifier","0.912716998","0.921104108","0.916575346","spambase.tsv.gz"
"42","ring.tsv.gz","RandomForestClassifier","0.905785968","0.90527027","0.905084931","ring.tsv.gz"
"43","movement_libras.tsv.gz","RandomForestClassifier","0.90327381","0.819444444","0.818329296","movement_libras.tsv.gz"
"44","analcatdata_bankruptcy.tsv.gz","RandomForestClassifier","0.9","0.9","0.899959984","analcatdata_bankruptcy.tsv.gz"
"45","letter.tsv.gz","RandomForestClassifier","0.897627658","0.8039","0.805773823","letter.tsv.gz"
"46","mofn_3_7_10.tsv.gz","RandomForestClassifier","0.897260274","0.954682779","0.928623798","mofn_3_7_10.tsv.gz"
"47","labor.tsv.gz","RandomForestClassifier","0.895945946","0.894736842","0.886904762","labor.tsv.gz"
"48","ecoli.tsv.gz","RandomForestClassifier","0.892161596","0.874617737","0.830871691","ecoli.tsv.gz"
"49","molecular_biology_promoters.tsv.gz","RandomForestClassifier","0.886792453","0.886792453","0.886792453","molecular_biology_promoters.tsv.gz"
"50","spectf.tsv.gz","RandomForestClassifier","0.885619561","0.905444126","0.881834505","spectf.tsv.gz"
"51","analcatdata_japansolvent.tsv.gz","RandomForestClassifier","0.884444444","0.884615385","0.884444444","analcatdata_japansolvent.tsv.gz"
"52","waveform_40.tsv.gz","RandomForestClassifier","0.87202528","0.829","0.828487429","waveform_40.tsv.gz"
"53","mfeat_zernike.tsv.gz","RandomForestClassifier","0.871666667","0.769","0.763305422","mfeat_zernike.tsv.gz"
"54","biomed.tsv.gz","RandomForestClassifier","0.870945274","0.894736842","0.881860226","biomed.tsv.gz"
"55","glass2.tsv.gz","RandomForestClassifier","0.867664852","0.871165644","0.869575157","glass2.tsv.gz"
"56","waveform_21.tsv.gz","RandomForestClassifier","0.865425381","0.8208","0.819980796","waveform_21.tsv.gz"
"57","hayes_roth.tsv.gz","RandomForestClassifier","0.857276203","0.79375","0.829293233","hayes_roth.tsv.gz"
"58","mfeat_morphological.tsv.gz","RandomForestClassifier","0.856944444","0.7425","0.72567114","mfeat_morphological.tsv.gz"
"59","led7.tsv.gz","RandomForestClassifier","0.854970087","0.7425","0.735232197","led7.tsv.gz"
"60","sonar.tsv.gz","RandomForestClassifier","0.851862171","0.855769231","0.853823088","sonar.tsv.gz"
"61","page_blocks.tsv.gz","RandomForestClassifier","0.850359599","0.969303855","0.792187021","page_blocks.tsv.gz"
"62","led24.tsv.gz","RandomForestClassifier","0.843628473","0.71875","0.717957836","led24.tsv.gz"
"63","vehicle.tsv.gz","RandomForestClassifier","0.827291417","0.738770686","0.733984089","vehicle.tsv.gz"
"64","nursery.tsv.gz","RandomForestClassifier","0.824986399","0.895277049","0.679698203","nursery.tsv.gz"
"65","churn.tsv.gz","RandomForestClassifier","0.818429791","0.9408","0.861046642","churn.tsv.gz"
"66","prnn_synth.tsv.gz","RandomForestClassifier","0.816","0.816","0.815952884","prnn_synth.tsv.gz"
"67","hypothyroid.tsv.gz","RandomForestClassifier","0.815224752","0.977552956","0.859163824","hypothyroid.tsv.gz"
"68","analcatdata_asbestos.tsv.gz","RandomForestClassifier","0.80493537","0.807228916","0.80493537","analcatdata_asbestos.tsv.gz"
"69","tic_tac_toe.tsv.gz","RandomForestClassifier","0.799698795","0.861169102","0.826750155","tic_tac_toe.tsv.gz"
"70","magic.tsv.gz","RandomForestClassifier","0.791584154","0.839064143","0.809329883","magic.tsv.gz"
"71","monk1.tsv.gz","RandomForestClassifier","0.78057554","0.78057554","0.769855057","monk1.tsv.gz"
"72","phoneme.tsv.gz","RandomForestClassifier","0.77282214","0.81180607","0.772972982","phoneme.tsv.gz"
"73","appendicitis.tsv.gz","RandomForestClassifier","0.768067227","0.886792453","0.799242424","appendicitis.tsv.gz"
"74","balance_scale.tsv.gz","RandomForestClassifier","0.765506512","0.856","0.594946735","balance_scale.tsv.gz"
"75","allhypo.tsv.gz","RandomForestClassifier","0.753506339","0.958355438","0.738554688","allhypo.tsv.gz"
"76","tae.tsv.gz","RandomForestClassifier","0.75127414","0.668874172","0.668073965","tae.tsv.gz"
"77","calendarDOW.tsv.gz","RandomForestClassifier","0.747579126","0.619047619","0.592113465","calendarDOW.tsv.gz"
"78","lymphography.tsv.gz","RandomForestClassifier","0.745457743","0.858108108","0.599404762","lymphography.tsv.gz"
"79","yeast.tsv.gz","RandomForestClassifier","0.739647526","0.621365788","0.540988109","yeast.tsv.gz"
"80","adult.tsv.gz","RandomForestClassifier","0.723890595","0.84279923","0.751800887","adult.tsv.gz"
"81","sleep.tsv.gz","RandomForestClassifier","0.721317975","0.709124901","0.54964496","sleep.tsv.gz"
"82","hepatitis.tsv.gz","RandomForestClassifier","0.717479675","0.84516129","0.738470191","hepatitis.tsv.gz"
"83","analcatdata_cyyoung8092.tsv.gz","RandomForestClassifier","0.715753425","0.824742268","0.737127371","analcatdata_cyyoung8092.tsv.gz"
"84","lupus.tsv.gz","RandomForestClassifier","0.713461538","0.735632184","0.717572336","lupus.tsv.gz"
"85","shuttle.tsv.gz","RandomForestClassifier","0.712503069","0.99487931","0.426238948","shuttle.tsv.gz"
"86","analcatdata_cyyoung9302.tsv.gz","RandomForestClassifier","0.709444845","0.847826087","0.735197368","analcatdata_cyyoung9302.tsv.gz"
"87","analcatdata_boxing1.tsv.gz","RandomForestClassifier","0.695970696","0.733333333","0.7","analcatdata_boxing1.tsv.gz"
"88","fars.tsv.gz","RandomForestClassifier","0.695904594","0.769778544","0.390991079","fars.tsv.gz"
"89","spect.tsv.gz","RandomForestClassifier","0.682118353","0.805243446","0.689534884","spect.tsv.gz"
"90","analcatdata_boxing2.tsv.gz","RandomForestClassifier","0.680096975","0.689393939","0.679668541","analcatdata_boxing2.tsv.gz"
"91","flags.tsv.gz","RandomForestClassifier","0.665017039","0.52247191","0.455665999","flags.tsv.gz"
"92","allrep.tsv.gz","RandomForestClassifier","0.657716273","0.975609756","0.500098707","allrep.tsv.gz"
"93","allbp.tsv.gz","RandomForestClassifier","0.65258943","0.971367975","0.530077088","allbp.tsv.gz"
"94","cloud.tsv.gz","RandomForestClassifier","0.652365288","0.481481481","0.475519132","cloud.tsv.gz"
"95","krkopt.tsv.gz","RandomForestClassifier","0.636582689","0.416666667","0.292053505","krkopt.tsv.gz"
"96","analcatdata_aids.tsv.gz","RandomForestClassifier","0.62","0.62","0.618627057","analcatdata_aids.tsv.gz"
"97","breast_cancer.tsv.gz","RandomForestClassifier","0.608838162","0.741258741","0.614499089","breast_cancer.tsv.gz"
"98","analcatdata_fraud.tsv.gz","RandomForestClassifier","0.606100796","0.69047619","0.610833927","analcatdata_fraud.tsv.gz"
"99","wine_quality_red.tsv.gz","RandomForestClassifier","0.602236852","0.644777986","0.304001556","wine_quality_red.tsv.gz"
"100","saheart.tsv.gz","RandomForestClassifier","0.599379139","0.664502165","0.602067183","saheart.tsv.gz"
"101","bupa.tsv.gz","RandomForestClassifier","0.571779182","0.571014493","0.570722357","bupa.tsv.gz"
"102","Hill_Valley_with_noise.tsv.gz","RandomForestClassifier","0.566831683","0.566831683","0.564690614","Hill_Valley_with_noise.tsv.gz"
"103","allhyper.tsv.gz","RandomForestClassifier","0.561766182","0.977989923","0.351963523","allhyper.tsv.gz"
"104","Hill_Valley_without_noise.tsv.gz","RandomForestClassifier","0.55995098","0.561056106","0.554946921","Hill_Valley_without_noise.tsv.gz"
"105","wine_quality_white.tsv.gz","RandomForestClassifier","0.555527446","0.548182932","0.214816469","wine_quality_white.tsv.gz"
"106","haberman.tsv.gz","RandomForestClassifier","0.548641975","0.725490196","0.541","haberman.tsv.gz"
"107","profb.tsv.gz","RandomForestClassifier","0.544642857","0.671130952","0.520085311","profb.tsv.gz"
"108","analcatdata_germangss.tsv.gz","RandomForestClassifier","0.526666667","0.29","0.289028044","analcatdata_germangss.tsv.gz"
"109","schizo.tsv.gz","RandomForestClassifier","0.525982496","0.547058824","0.359279249","schizo.tsv.gz"
"110","GAMETES_Heterogeneity_20atts_1600_Het_0.4_0.2_75_EDM_2_001.tsv.gz","RandomForestClassifier","0.52125","0.52125","0.508059065","GAMETES_Heterogeneity_20atts_1600_Het_0.4_0.2_75_EDM_2_001.tsv.gz"
"111","analcatdata_dmft.tsv.gz","RandomForestClassifier","0.517480272","0.195734003","0.195647176","analcatdata_dmft.tsv.gz"
"112","backache.tsv.gz","RandomForestClassifier","0.516774194","0.861111111","0.499499499","backache.tsv.gz"
"113","GAMETES_Heterogeneity_20atts_1600_Het_0.4_0.2_50_EDM_2_001.tsv.gz","RandomForestClassifier","0.5125","0.5125","0.504918288","GAMETES_Heterogeneity_20atts_1600_Het_0.4_0.2_50_EDM_2_001.tsv.gz"
"114","GAMETES_Epistasis_2_Way_1000atts_0.4H_EDM_1_EDM_1_1.tsv.gz","RandomForestClassifier","0.50625","0.50625","0.506098743","GAMETES_Epistasis_2_Way_1000atts_0.4H_EDM_1_EDM_1_1.tsv.gz"
"115","GAMETES_Epistasis_2_Way_20atts_0.1H_EDM_1_1.tsv.gz","RandomForestClassifier","0.504375","0.504375","0.493063788","GAMETES_Epistasis_2_Way_20atts_0.1H_EDM_1_1.tsv.gz"
"116","dis.tsv.gz","RandomForestClassifier","0.5","0.984623542","0.496126102","dis.tsv.gz"
"117","coil2000.tsv.gz","RandomForestClassifier","0.5","0.940338017","0.484625879","coil2000.tsv.gz"
"118","connect_4.tsv.gz","RandomForestClassifier","0.5","0.658303359","0.26464935","connect_4.tsv.gz"
"119","monk2.tsv.gz","RandomForestClassifier","0.5","0.657237937","0.396586345","monk2.tsv.gz"
"120","parity5+5.tsv.gz","RandomForestClassifier","0.5","0.504448399","0.335304554","parity5+5.tsv.gz"
"121","GAMETES_Epistasis_3_Way_20atts_0.2H_EDM_1_1.tsv.gz","RandomForestClassifier","0.49875","0.49875","0.495314988","GAMETES_Epistasis_3_Way_20atts_0.2H_EDM_1_1.tsv.gz"
"122","GAMETES_Epistasis_2_Way_20atts_0.4H_EDM_1_1.tsv.gz","RandomForestClassifier","0.479375","0.479375","0.441823455","GAMETES_Epistasis_2_Way_20atts_0.4H_EDM_1_1.tsv.gz"
"123","analcatdata_happiness.tsv.gz","RandomForestClassifier","0.475","0.3","0.302788803","analcatdata_happiness.tsv.gz"
"124","postoperative_patient_data.tsv.gz","RandomForestClassifier","0.453125","0.659090909","0.397260274","postoperative_patient_data.tsv.gz"
"125","parity5.tsv.gz","RandomForestClassifier","0","0","0","parity5.tsv.gz"
