Dataset,Dataset_Type,Balanced_Accuracy_Seed1,Balanced_Accuracy_Seed374,Balanced_Accuracy_Seed714,Balanced_Accuracy_Average,Accuracy_Seed1,Accuracy_Seed374,Accuracy_Seed714,Accuracy_Average,Macro_F1_Score_Seed1,Macro_F1_Score_Seed374,Macro_F1_Score_Seed714,Macro_F1_Score_Average,Times_Seed1,Times_Seed374,Times_Seed714,Times_Average
allbp,bottom,0.6283640176927093,0.682357305840544,0.6409277753735402,0.6505496996355978,0.971102863202545,0.971102863202545,0.9695121951219512,0.9705726405090137,0.6600355522094653,0.7020653459518451,0.6864710443601321,0.6828573141738142,1.2768424000096277,6.377862799912691,2.093345999950543,3.2493503999576205
allhyper,bottom,0.6012638108049069,0.6273581841593948,0.5968707963991308,0.608497597121144,0.9827631927870591,0.9824980111376292,0.98143728453991,0.9822328294881993,0.5910505709514391,0.6724781362970789,0.6133687631587262,0.6256324901357481,4.50299979999545,3.025472200009972,5.694889699807391,4.407787233270938
allhypo,bottom,0.6614692143989782,0.6522057341590649,0.6555050077029794,0.6563933187536741,0.9482758620689656,0.946949602122016,0.9506631299734748,0.9486295313881521,0.7172459525965782,0.7047954510515869,0.7178732392212752,0.7133048809564801,4.403849599999376,10.354547400027514,4.583294700132683,6.447230566719857
allrep,bottom,0.5959848451020084,0.5979678941414622,0.5568063700682703,0.5835863697705803,0.9724284199363732,0.9740190880169672,0.9721633085896076,0.9728702721809827,0.6106441423028022,0.6249652804248137,0.5829210239818912,0.6061768155698356,3.380168200004846,2.717859599972144,2.523042400134728,2.873690066703906
analcatdata_aids,bottom,0.64,0.64,0.6200000000000001,0.6333333333333334,0.64,0.64,0.62,0.6333333333333333,0.5989304812834224,0.609375,0.6186270574066639,0.6089775128966954,0.0568541999964509,0.0802347001153975,0.129521399969235,0.08887010002702782
analcatdata_boxing1,bottom,0.6465201465201464,0.6318681318681318,0.6254578754578755,0.6346153846153846,0.6333333333333333,0.7,0.6916666666666667,0.6749999999999999,0.6248934356351237,0.6369747899159663,0.6299691640970081,0.6306124632160327,0.1846573999937391,0.1677839001640677,0.1284820998553186,0.16030780000437514
analcatdata_boxing2,bottom,0.6989148002770722,0.7071115215885477,0.7223504964211498,0.7094589394289232,0.7121212121212122,0.7196969696969697,0.7348484848484849,0.7222222222222223,0.6964415395787944,0.7054815172164265,0.7214014352047278,0.7077748306666495,0.1191384999983711,0.1060577000025659,0.1915390999056399,0.13891176663552562
analcatdata_dmft,bottom,0.2337344744016184,0.2291466713000235,0.2381459707621095,0.23367570548791713,0.2371392722710163,0.2296110414052697,0.2396486825595985,0.2354663320786282,0.230485780132578,0.2087266561572526,0.2254910116253602,0.22156781597173028,0.1294822000054409,0.3191700000315904,0.4808448997791856,0.30983236660540564
analcatdata_fraud,bottom,0.636604774535809,0.6193633952254642,0.6193633952254642,0.6251105216622458,0.7619047619047619,0.7380952380952381,0.7380952380952381,0.746031746031746,0.6464646464646464,0.6259109311740891,0.6259109311740891,0.6327621696042749,0.0571988000010605,0.0618674999568611,0.0819312001112848,0.06699916668973546
analcatdata_germangss,bottom,0.42,0.4149999999999999,0.43,0.42166666666666663,0.42,0.415,0.43,0.42166666666666663,0.4126291191675439,0.4226110467468742,0.4310634780840272,0.42210121466614847,0.1087842999986605,0.2821571999229491,0.1637506999541074,0.18489739995857235
analcatdata_happiness,bottom,0.6333333333333333,0.5833333333333334,0.6333333333333333,0.6166666666666667,0.6333333333333333,0.5833333333333334,0.6333333333333333,0.6166666666666667,0.6031135531135531,0.5466418751408609,0.6173100991624146,0.5890218424722762,0.0587554999947315,0.0725578002166003,0.1423605000600218,0.09122460009045119
backache,bottom,0.6180645161290322,0.5890322580645162,0.5670967741935484,0.5913978494623656,0.5444444444444444,0.6388888888888888,0.8611111111111112,0.6814814814814815,0.4831208852780502,0.5220392989909719,0.5829858215179315,0.5293820019289845,0.1272055000008549,0.0940460998099297,0.1502354999538511,0.12382903325487855
breast_cancer,bottom,0.6493415276558384,0.655223880597015,0.6502487562189054,0.6516047214905863,0.7552447552447552,0.7587412587412588,0.7517482517482518,0.7552447552447553,0.6623718294657313,0.6688648376541656,0.6626181733596956,0.6646182801598641,0.1195120999909704,0.2404143000021577,0.4015615000389516,0.2538293000106932
bupa,bottom,0.6446846422807961,0.6509548144163528,0.6539133942980098,0.6498509503317196,0.6434782608695652,0.6492753623188405,0.6521739130434783,0.6483091787439613,0.6427097980112656,0.6475698401843831,0.6503378378378378,0.6468724920111621,0.1721231999981682,0.4861936999950558,0.1515980002004653,0.2699716333978964
cloud,bottom,0.3723958333333333,0.3608630952380952,0.3709077380952381,0.3680555555555555,0.3796296296296296,0.3703703703703703,0.3796296296296296,0.37654320987654316,0.327536231884058,0.3224313022700119,0.3507157264877285,0.33356108688059943,0.0882043000019621,0.1235914998687803,0.1312108000274747,0.11433553329940571
coil2000,bottom,0.5097387504305012,0.5128753120671893,0.5147911348529349,0.5124683991168751,0.9391162695988596,0.9194665037670536,0.9380981470169008,0.932226973460938,0.5051130389064143,0.5142075739754338,0.5148608284005209,0.5113938137607897,1.047051299989107,3.653373399982229,2.1007965998724103,2.267073766614582
connect_4,bottom,0.6218010549071163,0.6265275277550043,,0.6241642913310603,0.8207291620409431,0.8202554879583167,,0.8204923249996299,0.6309264463168346,0.6357923495631782,,0.6333593979400064,594.932145299972,281.84109269990586,,438.38661899993895
dis,bottom,0.6274255844614042,0.611261211074592,0.6273188123224333,0.6220018692861431,0.9848886532343584,0.9864793213149524,0.8844114528101803,0.951926475786497,0.6685918808062778,0.6654161427162633,0.5130810872265916,0.6156963702497109,3.136025100015104,20.43765589996474,2.6831634999252856,8.752281499968376
GAMETES_Epistasis_2_Way_1000atts_0.4H_EDM_1_EDM_1_1,bottom,0.513125,0.528125,0.520625,0.520625,0.513125,0.528125,0.520625,0.520625,0.5130563333345054,0.5278725224543906,0.5205079365079366,0.5204789307656109,1.9592198000027563,4.556625799974427,3.974806800018996,3.4968841333320597
GAMETES_Epistasis_2_Way_20atts_0.1H_EDM_1_1,bottom,0.64125,0.660625,0.6343749999999999,0.6454166666666666,0.64125,0.660625,0.634375,0.6454166666666666,0.6403953771384807,0.6603319035839911,0.6343714294084903,0.6450329033769874,2.008198800001992,0.9536256999708712,2.6680697998963296,1.876631433289731
GAMETES_Epistasis_2_Way_20atts_0.4H_EDM_1_1,bottom,0.7625,0.7625,0.755625,0.7602083333333333,0.7625,0.7625,0.755625,0.7602083333333333,0.7553245089185826,0.7577519379844961,0.7498551550990004,0.7543105340006931,3.831497499995749,3.259430899983272,0.6807903000153601,2.590572899998127
GAMETES_Epistasis_3_Way_20atts_0.2H_EDM_1_1,bottom,0.549375,0.5587500000000001,0.593125,0.5670833333333333,0.549375,0.55875,0.593125,0.5670833333333333,0.5493353908058325,0.5587472421702636,0.5924523872406608,0.5668450067389189,1.541667400000733,2.430783800082281,3.130400500027463,2.367617233370159
GAMETES_Heterogeneity_20atts_1600_Het_0.4_0.2_50_EDM_2_001,bottom,0.684375,0.6956249999999999,0.6825,0.6875,0.684375,0.695625,0.6825,0.6875,0.6843541624427549,0.6951819421901912,0.6824821396203536,0.6873394147510999,0.4460937000112608,0.6517567001283169,3.0077648998703808,1.3685384333366528
GAMETES_Heterogeneity_20atts_1600_Het_0.4_0.2_75_EDM_2_001,bottom,0.7206250000000001,0.72,0.7175,0.719375,0.720625,0.72,0.7175,0.719375,0.7185004481085568,0.7185204732374544,0.7169582403819812,0.7179930539093308,1.074888799994369,0.9502828000113368,1.8281658999621868,1.284445833322631
haberman,bottom,0.6476543209876543,0.6417283950617284,0.6353086419753087,0.6415637860082305,0.7549019607843137,0.7287581699346405,0.696078431372549,0.7265795206971678,0.6578048816854787,0.644459998600126,0.627878391631252,0.6433810906389522,0.1082385000772774,3.698382299975492,6.7003431000048295,3.5023213000191995
Hill_Valley_with_noise,bottom,0.6171617161716172,0.6221122112211221,0.6542904290429044,0.6311881188118812,0.6171617161716172,0.6221122112211221,0.6542904290429042,0.6311881188118812,0.6015372581029146,0.6092370246891332,0.6432727464306411,0.6180156764075629,0.6976252000022214,1.4135384999681264,6.404180499957874,2.8384480666427407
Hill_Valley_without_noise,bottom,0.6160130718954249,0.6124346405228758,0.6138725490196079,0.6141067538126362,0.6188118811881188,0.613036303630363,0.6163366336633663,0.616061606160616,0.5841312375412568,0.6113001860661673,0.5896649563912534,0.5950321266662258,0.6045798999984981,2.089064999949187,1.897205799818039,1.5302835665885748
krkopt,bottom,0.6847570936625966,0.4124722051064949,,0.5486146493845457,0.69428999144568,0.5059523809523809,,0.6001211861990305,0.6860220920029659,0.4187675084244746,,0.5523948002137202,56.97947130003013,80.2460181999486,,68.61274474998936
agaricus_lepiota,top,1.0,0.9998817407757804,1.0,0.9999605802585935,1.0,0.99987722529159,1.0,0.9999590750971966,1.0,0.999877047185124,1.0,0.9999590157283746,6.436594599974342,2.840077599976212,3.3733222999144346,4.21666483328833
analcatdata_authorship,top,0.9983108108108107,0.997710318700203,0.9983108108108107,0.9981106467739416,0.9976218787158144,0.9976218787158144,0.9976218787158144,0.9976218787158144,0.9983663788508688,0.9962063974348552,0.9983663788508688,0.9976463850455309,0.5098618000047281,0.6581816000398248,0.8015912000555545,0.6565448667000359
analcatdata_bankruptcy,top,0.8999999999999999,0.92,0.9,0.9066666666666666,0.9,0.92,0.9,0.9066666666666667,0.8996386993175431,0.9194847020933976,0.898989898989899,0.90603776680028,0.0557706000399775,0.047969700070098,0.047767800046131,0.05050270005206883
analcatdata_creditscore,top,0.8759512937595129,0.8868594622019279,0.8566717402333841,0.8731608320649417,0.87,0.92,0.91,0.9,0.8466800330227622,0.896049896049896,0.8783619408028112,0.8736972899584897,0.1823495000135153,0.1640552000608295,0.1199148001614958,0.15543983341194686
analcatdata_lawsuit,top,0.9412459720730396,0.961439312567132,0.9226638023630503,0.941783029001074,0.981060606060606,0.9734848484848484,0.9015151515151516,0.952020202020202,0.930784961459808,0.91138815631743,0.7624255849370067,0.8681995675714149,0.1091793000232428,0.3246299000456929,0.1326940997969359,0.1888344332886239
ann_thyroid,top,0.93994962290886,0.948194642670134,0.946992397642069,0.945045554407021,0.9884722222222222,0.9886111111111112,0.9883333333333332,0.9884722222222222,0.9331659505334052,0.937177805699846,0.9397630276645068,0.9367022612992527,7.037385900039226,4.829946900019422,7.558180399937555,6.475171066665401
cars,top,0.7357621529624508,0.7301821994620633,0.6945170473252592,0.7201537999165911,0.8163265306122449,0.8112244897959183,0.7857142857142857,0.8044217687074829,0.7331346358047478,0.7284003601516802,0.6959551367252267,0.7191633775605516,0.4236764999805018,0.47877879999578,0.5826642999891192,0.49503986665513366
chess,top,0.994057239314861,0.9946842593257454,0.9939736628052748,0.9942383871486271,0.9940550688360452,0.9946808510638298,0.9940550688360452,0.9942636629119734,0.9940434752541436,0.9946704778589706,0.9940424654366556,0.9942521395165899,0.9408922999864444,2.146206600125879,1.510375800076872,1.5324915667297319
clean1,top,0.9546540236697018,0.9396045471687948,0.9516818418547852,0.9486468042310939,0.953781512605042,0.9411764705882352,0.9516806722689076,0.9488795518207284,0.9531328320802004,0.9400934915498024,0.9509267352473162,0.948051019625773,0.4771580999949947,0.6170386001467705,0.594644500175491,0.5629470667724187
clean2,top,0.9997312309621932,0.999820820641462,0.9992395888776306,0.9995972134937618,0.9995453167626552,0.9996968778417702,0.9993937556835404,0.9995453167626552,0.999129202327952,0.9994192351296732,0.998838470259346,0.9991289692389905,3.056899200018961,20.322671599918976,11.673427699832246,11.684332833256727
collins,top,0.7366153565088657,,,0.7366153565088657,0.7814432989690722,,,0.7814432989690722,0.7394185549547093,,,0.7394185549547093,0.6224263999611139,,,0.6224263999611139
confidence,top,0.8333333333333334,0.8333333333333334,0.8472222222222223,0.8379629629629631,0.8333333333333334,0.8333333333333334,0.8472222222222222,0.8379629629629629,0.8253726708074534,0.8322507685551165,0.8453381642512078,0.8343205345379259,0.097201100026723,0.1561628999188542,0.0782176998909562,0.11052723327884446
corral,top,0.9095238095238096,0.9785714285714286,0.9746031746031746,0.9542328042328042,0.9125,0.98125,0.975,0.9562499999999999,0.910813823857302,0.9808543735790356,0.9746031746031746,0.9554237906798374,0.1523963999934494,0.3063968000933528,0.290377400116995,0.24972353340126574
iris,top,0.9466666666666668,0.9666666666666668,0.9333333333333332,0.9488888888888889,0.9466666666666668,0.9666666666666668,0.9333333333333332,0.9488888888888889,0.9467683905964072,0.9666633329999668,0.9336502277678748,0.9490273171214163,0.1064457000466063,0.2037434999365359,0.1632441999390721,0.1578111333074048
irish,top,0.9964028776978416,0.9905535031434312,0.9905535031434312,0.9925032946615681,0.996,0.99,0.99,0.992,0.9959527933820076,0.9898863631766528,0.9898863631766528,0.9919085065784378,0.2469875999959185,0.4164269000757485,0.8555111999157816,0.5063085666624829
kr_vs_kp,top,0.9946564004892168,0.9937855175642116,0.993458078140505,0.9939666653979778,0.9946808510638298,0.9937421777221528,0.9934292866082604,0.993950771798081,0.9946701809020964,0.9937304886962436,0.9934168342717749,0.993939167956705,0.6246442999690771,0.4586722999811172,5.3903305002022535,2.1578823667174825
labor,top,0.8844594594594595,0.8324324324324325,0.8824324324324324,0.8664414414414413,0.8947368421052632,0.8421052631578947,0.8771929824561403,0.8713450292397661,0.8844594594594595,0.828600066822586,0.8693088765149034,0.860789467598983,0.0576905999914743,0.1781043999362737,0.105980799999088,0.11392526664227866
mfeat_karhunen,top,0.963,0.9685,0.9634999999999998,0.9649999999999999,0.963,0.9685,0.9635,0.965,0.9630063570798284,0.9684768257126984,0.9635316610841634,0.9650049479588968,0.8251107999822125,1.707521199947223,0.757971900049597,1.0968679666596775
mfeat_pixel,top,0.9715,0.97,0.968,0.9698333333333333,0.9715,0.97,0.968,0.9698333333333333,0.9714884869840495,0.9699864985165436,0.9679699272428504,0.9698149709144811,0.9550062000053005,1.3285928999539465,1.3621533999685198,1.2152508333092555
mfeat_zernike,top,0.841,0.8385,0.842,0.8405,0.841,0.8385,0.842,0.8405,0.8364322208138157,0.8349419533256149,0.8214560560214107,0.8309434100536137,2.253164699999616,0.6593255999032408,0.7872765001375228,1.2332556000134598
mofn_3_7_10,top,1.0,1.0,1.0,1.0,1.0,1.0,1.0,1.0,1.0,1.0,1.0,1.0,0.5404245000099763,1.518671200145036,1.341380000114441,1.1334919000898178
molecular_biology_promoters,top,0.8018867924528302,0.8018867924528302,0.7924528301886793,0.7987421383647799,0.8018867924528302,0.8018867924528302,0.7924528301886793,0.7987421383647799,0.8014450093658014,0.8017279771978267,0.7921568627450981,0.7984432831029088,0.0866897000232711,0.1583883999846875,0.1749686000403016,0.1400155666827534
monk3,top,0.9871292815371764,0.9732403926482872,0.9871292815371764,0.9824996519075467,0.9873646209386282,0.9729241877256316,0.9873646209386282,0.9825511432009627,0.9873388379025176,0.9728986684147188,0.9873388379025176,0.9825254480732513,0.4048367999494076,0.5996429999358952,1.4218550000805408,0.8087782666552812
mushroom,top,0.9998723186925432,1.0,0.9997446373850868,0.9998723186925433,0.9998769079271296,1.0,0.9997538158542588,0.9998769079271295,0.999876747605996,1.0,0.9997534930166976,0.9998767468742312,2.5917939000064507,5.841439200099558,3.77697700005956,4.0700700333885225
mux6,top,0.9140625,0.9453125,0.90625,0.921875,0.9140625,0.9453125,0.90625,0.921875,0.914057254471098,0.9452289259734704,0.9060435527281624,0.9217765777242436,0.2046511999797076,0.4443297998514026,0.1838887000922113,0.2776232333077739
optdigits,top,0.9850588343593902,0.9827261004466352,0.983629940019512,0.9838049582751792,0.9850533807829182,0.9827402135231316,0.9836298932384342,0.9838078291814947,0.9850673767736116,0.9827704126078776,0.9836680173113642,0.9838352688976179,2.2463060000445694,3.4786747999023646,1.786234200000763,2.503738333315899
pendigits,top,0.9930085479303636,0.9927171329218036,0.9935404872235112,0.9930887226918929,0.9929949053857352,0.992721979621543,0.9935407569141194,0.9930858806404658,0.9930185750380144,0.9927385341692516,0.9935515651711436,0.9931028914594698,3.97046500002034,4.56414550000045,1.7856119999996736,3.440074166673488
penguins,top,0.9879129734085416,1.0,0.9928149341928552,0.9935759692004655,0.990990990990991,1.0,0.993993993993994,0.994994994994995,0.9891796233093162,1.0,0.9928149341928552,0.9939981858340571,0.2469731000019237,0.2145702000052551,0.2147660999980871,0.22543646666842196
prnn_crabs,top,0.99,0.995,0.99,0.9916666666666666,0.99,0.995,0.99,0.9916666666666666,0.98999899989999,0.9949998749968748,0.98999899989999,0.9916659582656182,0.1922032000729814,0.0987336000034702,0.1720373999996809,0.15432473335871086
prnn_synth,top,0.868,0.876,0.872,0.872,0.868,0.876,0.872,0.872,0.8678287060029799,0.8759027077228547,0.871967223609244,0.8718995457783595,0.0697262999601662,0.0563019999972311,0.0564008000001194,0.060809699985838905
segmentation,top,0.9696969696969698,0.9692640692640692,0.970995670995671,0.9699855699855701,0.9696969696969696,0.9692640692640692,0.970995670995671,0.9699855699855698,0.969762923648617,0.9692152482831136,0.9709905035430187,0.9699895584915832,1.217425699927844,4.9064480000015465,2.0304831999965245,2.718118966641972
spambase,top,0.9446133100570484,0.9448468576619836,0.9453984296421272,0.9449528657870531,0.9478374266463812,0.947185394479461,0.9476200825907412,0.9475476345721945,0.945299775302272,0.9447181592428596,0.9451836810219504,0.9450672051890274,1.566010699956678,8.324293099998613,8.026706400007242,5.972336733320844
splice,top,0.9234657601954138,0.9195447322290834,0.920632926458082,0.9212144729608598,0.9222082810539524,0.9193851944792972,0.9203262233375156,0.9206398996235885,0.9165311324774926,0.913392205728722,0.9138566896460626,0.9145933426174256,9.338893300038762,1.485122500002035,9.12094690000231,6.648320900014369
texture,top,0.9965454545454544,0.9969090909090906,0.9972727272727272,0.9969090909090906,0.9965454545454544,0.9969090909090907,0.9972727272727272,0.9969090909090909,0.9965458025762004,0.9969098081781216,0.9972728863820862,0.9969094990454694,0.9557278999127448,10.860670099995332,1.2705145000072662,4.362304166638448
threeOf9,top,0.986398208918604,0.9905998895908728,0.9827485738821076,0.9865822241305281,0.986328125,0.990234375,0.982421875,0.986328125,0.9862639363174012,0.9901936373561128,0.982348547241003,0.9862687069715056,0.5912628999212757,0.3929887000122107,0.1920159999863244,0.3920891999732703
tokyo1,top,0.926281718828089,0.9268404228234118,0.9222482060179727,0.9251234492231578,0.9290928050052136,0.9322210636079248,0.9311783107403544,0.9308307264511643,0.923606425251162,0.9265718408575552,0.9249138740995928,0.9250307134027699,0.4870589999482035,0.1722887000069022,0.5271447999984957,0.3954974999845338
twonorm,top,0.9786479771973552,0.9794583502648028,0.9789169328160988,0.9790077534260856,0.9786486486486486,0.9794594594594594,0.9789189189189188,0.979009009009009,0.9786485925017772,0.9794593634331088,0.9789186971725634,0.9790088843691498,0.5518856999697164,4.446009500010405,2.896754699992016,2.631549966657379
vowel,top,0.9707070707070709,0.9595959595959596,0.9686868686868688,0.9663299663299664,0.9707070707070709,0.9595959595959596,0.9686868686868688,0.9663299663299664,0.9706361700920998,0.9594383363963054,0.9685470865594992,0.9662071976826349,1.2958248999202624,1.4108374000061303,1.2226202999881934,1.3097608666381955
waveform_21,top,0.8717869145765285,0.8706259130741233,0.870470043527436,0.8709609570593626,0.872,0.8708,0.8706,0.8711333333333333,0.8715647984842372,0.8704780164403142,0.8703341196381836,0.8707923115209116,2.7140266000060365,6.442951000004541,4.914833400020143,4.690603666676907
waveform_40,top,0.8681120071345548,0.8667219666046998,0.8691239482131055,0.86798597398412,0.8678,0.8664,0.8688,0.8676666666666666,0.8676870056150688,0.8662690754200644,0.86866864628839,0.8675415757745077,3.788652000017464,2.3153401000017766,1.3828304999915415,2.4956075333369276
xd6,top,1.0,1.0,0.998447204968944,0.9994824016563147,1.0,1.0,0.998972250770812,0.999657416923604,1.0,1.0,0.9988386651691454,0.9996128883897152,0.537873400026001,0.6571696999890264,0.6138852000003681,0.6029761000051318
